Workbook

Sheet الرئيسية
B1: 🌱 خدمة براعم — نظام الافتقاد والحضور
B2: ="العام الخدمي "&DAY(الإعدادات!$B$10)&"/"&MONTH(الإعدادات!$B$10)&"/"&YEAR(الإعدادات!$B$10)&" ← "&DAY(الإعدادات!$B$11)&"/"&MONTH(الإعدادات!$B$11)&"/"&YEAR(الإعدادات!$B$11)&" • اجتماع كل "&الإعدادات!$B$12 -> العام الخدمي 1/10/2026 ← 1/10/2027 • اجتماع كل الجمعة
B4: 🧭 التنقل السريع
B5: =HYPERLINK("#'قاعدة البيانات'!C"&MIN(305,6+COUNTA('قاعدة البيانات'!$C$6:$C$305)),"➕ إضافة طفل جديد") -> ➕ إضافة طفل جديد | E5: =HYPERLINK("#'قاعدة البيانات'!A1","📋 قاعدة البيانات") -> 📋 قاعدة البيانات | H5: =HYPERLINK("#'الافتقاد'!A1","📞 الافتقاد") -> 📞 الافتقاد | J5: =HYPERLINK("#'الإعدادات'!A1","⚙️ الإعدادات") -> ⚙️ الإعدادات | L5: =HYPERLINK("#'دليل الاستخدام'!A1","📖 الدليل") -> 📖 الدليل
B7: =HYPERLINK("#'فصل سوريال'!A1","🪪 كروت ملاك سوريال") -> 🪪 كروت ملاك سوريال | E7: =HYPERLINK("#'فصل غبريال'!A1","🪪 كروت ملاك غبريال") -> 🪪 كروت ملاك غبريال | H7: =HYPERLINK("#'فصل رفائيل'!A1","🪪 كروت ملاك رفائيل") -> 🪪 كروت ملاك رفائيل | K7: =HYPERLINK("#'فصل ميخائيل'!A1","🪪 كروت ملاك ميخائيل") -> 🪪 كروت ملاك ميخائيل
B8: =HYPERLINK("#'حضور سوريال'!A1","📅 حضور سوريال") -> 📅 حضور سوريال | E8: =HYPERLINK("#'حضور غبريال'!A1","📅 حضور غبريال") -> 📅 حضور غبريال | H8: =HYPERLINK("#'حضور رفائيل'!A1","📅 حضور رفائيل") -> 📅 حضور رفائيل | K8: =HYPERLINK("#'حضور ميخائيل'!A1","📅 حضور ميخائيل") -> 📅 حضور ميخائيل
B10: 📌 نظرة عامة
B11: 👶 إجمالي الأطفال | D11: 👦 أولاد | F11: 👧 بنات | H11: 📈 نسبة الحضور العامة | J11: ⚠️ محتاجين افتقاد | L11: 🗓️ آخر جمعة مسجلة
B12: =COUNTIFS('قاعدة البيانات'!$C$6:$C$305,"<>",'قاعدة البيانات'!$M$6:$M$305,"<>غير نشط") -> 85 | D12: =COUNTIFS('قاعدة البيانات'!$D$6:$D$305,"ولد",'قاعدة البيانات'!$C$6:$C$305,"<>",'قاعدة البيانات'!$M$6:$M$305,"<>غير نشط") -> 42 | F12: =COUNTIFS('قاعدة البيانات'!$D$6:$D$305,"بنت",'قاعدة البيانات'!$C$6:$C$305,"<>",'قاعدة البيانات'!$M$6:$M$305,"<>غير نشط") -> 43 | H12: =IFERROR((SUM('حضور سوريال'!C7:C36)+SUM('حضور غبريال'!C7:C36)+SUM('حضور رفائيل'!C7:C36)+SUM('حضور ميخائيل'!C7:C36))/((SUM('حضور سوريال'!C7:C36)+SUM('حضور غبريال'!C7:C36)+SUM('حضور رفائيل'!C7:C36)+SUM('حضور ميخائيل'!C7:C36))+(SUM('حضور سوريال'!D7:D36)+SUM('حضور غبريال'!D7:D36)+SUM('حضور رفائيل'!D7:D36)+SUM('حضور ميخائيل'!D7:D36))),"—") -> — | J12: =COUNT('قاعدة البيانات'!$W$6:$W$305) -> 0 | L12: =IF(MAX(IFERROR(LOOKUP(2,1/ISNUMBER('حضور سوريال'!J4:BJ4),'حضور سوريال'!J6:BJ6),0),IFERROR(LOOKUP(2,1/ISNUMBER('حضور غبريال'!J4:BJ4),'حضور غبريال'!J6:BJ6),0),IFERROR(LOOKUP(2,1/ISNUMBER('حضور رفائيل'!J4:BJ4),'حضور رفائيل'!J6:BJ6),0),IFERROR(LOOKUP(2,1/ISNUMBER('حضور ميخائيل'!J4:BJ4),'حضور ميخائيل'!J6:BJ6),0))=0,"—",MAX(IFERROR(LOOKUP(2,1/ISNUMBER('حضور سوريال'!J4:BJ4),'حضور سوريال'!J6:BJ6),0),IFERROR(LOOKUP(2,1/ISNUMBER('حضور غبريال'!J4:BJ4),'حضور غبريال'!J6:BJ6),0),IFERROR(LOOKUP(2,1/ISNUMBER('حضور رفائيل'!J4:BJ4),'حضور رفائيل'!J6:BJ6),0),IFERROR(LOOKUP(2,1/ISNUMBER('حضور ميخائيل'!J4:BJ4),'حضور ميخائيل'!J6:BJ6),0))) -> —
B14: 📊 ملخص الفصول
B15: الفصل | D15: الأطفال | E15: أولاد | F15: بنات | G15: نسبة الحضور | I15: محتاجين افتقاد | K15: حالة السعة
B16: =الإعدادات!$B$4 -> سوريال | D16: =COUNTIFS('قاعدة البيانات'!$F$6:$F$305,الإعدادات!$B$4,'قاعدة البيانات'!$C$6:$C$305,"<>",'قاعدة البيانات'!$M$6:$M$305,"<>غير نشط") -> 24 | E16: =COUNTIFS('قاعدة البيانات'!$F$6:$F$305,الإعدادات!$B$4,'قاعدة البيانات'!$D$6:$D$305,"ولد",'قاعدة البيانات'!$C$6:$C$305,"<>",'قاعدة البيانات'!$M$6:$M$305,"<>غير نشط") -> 13 | F16: =COUNTIFS('قاعدة البيانات'!$F$6:$F$305,الإعدادات!$B$4,'قاعدة البيانات'!$D$6:$D$305,"بنت",'قاعدة البيانات'!$C$6:$C$305,"<>",'قاعدة البيانات'!$M$6:$M$305,"<>غير نشط") -> 11 | G16: =IFERROR(SUM('حضور سوريال'!C7:C36)/(SUM('حضور سوريال'!C7:C36)+SUM('حضور سوريال'!D7:D36)),"—") -> — | I16: =COUNTIFS('قاعدة البيانات'!$F$6:$F$305,الإعدادات!$B$4,'قاعدة البيانات'!$V$6:$V$305,3)+COUNTIFS('قاعدة البيانات'!$F$6:$F$305,الإعدادات!$B$4,'قاعدة البيانات'!$V$6:$V$305,4) -> 0 | K16: =IF(COUNTIFS('قاعدة البيانات'!$F$6:$F$305,الإعدادات!$B$4,'قاعدة البيانات'!$C$6:$C$305,"<>")>30,"⚠️ زيادة عن 30 — الزيادة مش هتظهر","✅ "&(30-COUNTIFS('قاعدة البيانات'!$F$6:$F$305,الإعدادات!$B$4,'قاعدة البيانات'!$C$6:$C$305,"<>"))&" مكان فاضي") -> ✅ 6 مكان فاضي
B17: =الإعدادات!$B$5 -> غبريال | D17: =COUNTIFS('قاعدة البيانات'!$F$6:$F$305,الإعدادات!$B$5,'قاعدة البيانات'!$C$6:$C$305,"<>",'قاعدة البيانات'!$M$6:$M$305,"<>غير نشط") -> 24 | E17: =COUNTIFS('قاعدة البيانات'!$F$6:$F$305,الإعدادات!$B$5,'قاعدة البيانات'!$D$6:$D$305,"ولد",'قاعدة البيانات'!$C$6:$C$305,"<>",'قاعدة البيانات'!$M$6:$M$305,"<>غير نشط") -> 10 | F17: =COUNTIFS('قاعدة البيانات'!$F$6:$F$305,الإعدادات!$B$5,'قاعدة البيانات'!$D$6:$D$305,"بنت",'قاعدة البيانات'!$C$6:$C$305,"<>",'قاعدة البيانات'!$M$6:$M$305,"<>غير نشط") -> 14 | G17: =IFERROR(SUM('حضور غبريال'!C7:C36)/(SUM('حضور غبريال'!C7:C36)+SUM('حضور غبريال'!D7:D36)),"—") -> — | I17: =COUNTIFS('قاعدة البيانات'!$F$6:$F$305,الإعدادات!$B$5,'قاعدة البيانات'!$V$6:$V$305,3)+COUNTIFS('قاعدة البيانات'!$F$6:$F$305,الإعدادات!$B$5,'قاعدة البيانات'!$V$6:$V$305,4) -> 0 | K17: =IF(COUNTIFS('قاعدة البيانات'!$F$6:$F$305,الإعدادات!$B$5,'قاعدة البيانات'!$C$6:$C$305,"<>")>30,"⚠️ زيادة عن 30 — الزيادة مش هتظهر","✅ "&(30-COUNTIFS('قاعدة البيانات'!$F$6:$F$305,الإعدادات!$B$5,'قاعدة البيانات'!$C$6:$C$305,"<>"))&" مكان فاضي") -> ✅ 6 مكان فاضي
B18: =الإعدادات!$B$6 -> رفائيل | D18: =COUNTIFS('قاعدة البيانات'!$F$6:$F$305,الإعدادات!$B$6,'قاعدة البيانات'!$C$6:$C$305,"<>",'قاعدة البيانات'!$M$6:$M$305,"<>غير نشط") -> 17 | E18: =COUNTIFS('قاعدة البيانات'!$F$6:$F$305,الإعدادات!$B$6,'قاعدة البيانات'!$D$6:$D$305,"ولد",'قاعدة البيانات'!$C$6:$C$305,"<>",'قاعدة البيانات'!$M$6:$M$305,"<>غير نشط") -> 8 | F18: =COUNTIFS('قاعدة البيانات'!$F$6:$F$305,الإعدادات!$B$6,'قاعدة البيانات'!$D$6:$D$305,"بنت",'قاعدة البيانات'!$C$6:$C$305,"<>",'قاعدة البيانات'!$M$6:$M$305,"<>غير نشط") -> 9 | G18: =IFERROR(SUM('حضور رفائيل'!C7:C36)/(SUM('حضور رفائيل'!C7:C36)+SUM('حضور رفائيل'!D7:D36)),"—") -> — | I18: =COUNTIFS('قاعدة البيانات'!$F$6:$F$305,الإعدادات!$B$6,'قاعدة البيانات'!$V$6:$V$305,3)+COUNTIFS('قاعدة البيانات'!$F$6:$F$305,الإعدادات!$B$6,'قاعدة البيانات'!$V$6:$V$305,4) -> 0 | K18: =IF(COUNTIFS('قاعدة البيانات'!$F$6:$F$305,الإعدادات!$B$6,'قاعدة البيانات'!$C$6:$C$305,"<>")>30,"⚠️ زيادة عن 30 — الزيادة مش هتظهر","✅ "&(30-COUNTIFS('قاعدة البيانات'!$F$6:$F$305,الإعدادات!$B$6,'قاعدة البيانات'!$C$6:$C$305,"<>"))&" مكان فاضي") -> ✅ 13 مكان فاضي
B19: =الإعدادات!$B$7 -> ميخائيل | D19: =COUNTIFS('قاعدة البيانات'!$F$6:$F$305,الإعدادات!$B$7,'قاعدة البيانات'!$C$6:$C$305,"<>",'قاعدة البيانات'!$M$6:$M$305,"<>غير نشط") -> 20 | E19: =COUNTIFS('قاعدة البيانات'!$F$6:$F$305,الإعدادات!$B$7,'قاعدة البيانات'!$D$6:$D$305,"ولد",'قاعدة البيانات'!$C$6:$C$305,"<>",'قاعدة البيانات'!$M$6:$M$305,"<>غير نشط") -> 11 | F19: =COUNTIFS('قاعدة البيانات'!$F$6:$F$305,الإعدادات!$B$7,'قاعدة البيانات'!$D$6:$D$305,"بنت",'قاعدة البيانات'!$C$6:$C$305,"<>",'قاعدة البيانات'!$M$6:$M$305,"<>غير نشط") -> 9 | G19: =IFERROR(SUM('حضور ميخائيل'!C7:C36)/(SUM('حضور ميخائيل'!C7:C36)+SUM('حضور ميخائيل'!D7:D36)),"—") -> — | I19: =COUNTIFS('قاعدة البيانات'!$F$6:$F$305,الإعدادات!$B$7,'قاعدة البيانات'!$V$6:$V$305,3)+COUNTIFS('قاعدة البيانات'!$F$6:$F$305,الإعدادات!$B$7,'قاعدة البيانات'!$V$6:$V$305,4) -> 0 | K19: =IF(COUNTIFS('قاعدة البيانات'!$F$6:$F$305,الإعدادات!$B$7,'قاعدة البيانات'!$C$6:$C$305,"<>")>30,"⚠️ زيادة عن 30 — الزيادة مش هتظهر","✅ "&(30-COUNTIFS('قاعدة البيانات'!$F$6:$F$305,الإعدادات!$B$7,'قاعدة البيانات'!$C$6:$C$305,"<>"))&" مكان فاضي") -> ✅ 10 مكان فاضي
B20: الإجمالي | D20: =SUM(D16:D19) -> 85 | E20: =SUM(E16:E19) -> 42 | F20: =SUM(F16:F19) -> 43 | G20: =IFERROR((SUM('حضور سوريال'!C7:C36)+SUM('حضور غبريال'!C7:C36)+SUM('حضور رفائيل'!C7:C36)+SUM('حضور ميخائيل'!C7:C36))/((SUM('حضور سوريال'!C7:C36)+SUM('حضور غبريال'!C7:C36)+SUM('حضور رفائيل'!C7:C36)+SUM('حضور ميخائيل'!C7:C36))+(SUM('حضور سوريال'!D7:D36)+SUM('حضور غبريال'!D7:D36)+SUM('حضور رفائيل'!D7:D36)+SUM('حضور ميخائيل'!D7:D36))),"—") -> — | I20: =SUM(I16:I19) -> 0

Sheet قاعدة البيانات
A1: 📋 قاعدة بيانات الأطفال
A2: =HYPERLINK("#'الرئيسية'!A1","🏠 الرئيسية") -> 🏠 الرئيسية | C2: =HYPERLINK("#'قاعدة البيانات'!C"&MIN(305,6+COUNTA('قاعدة البيانات'!$C$6:$C$305)),"➕ إضافة طفل جديد") -> ➕ إضافة طفل جديد | D2: =HYPERLINK("#'الافتقاد'!A1","📞 الافتقاد") -> 📞 الافتقاد | G2: =HYPERLINK("#'فصل سوريال'!A1","🪪 سوريال") -> 🪪 سوريال | H2: =HYPERLINK("#'فصل غبريال'!A1","🪪 غبريال") -> 🪪 غبريال | I2: =HYPERLINK("#'فصل رفائيل'!A1","🪪 رفائيل") -> 🪪 رفائيل | J2: =HYPERLINK("#'فصل ميخائيل'!A1","🪪 ميخائيل") -> 🪪 ميخائيل | K2: =HYPERLINK("#'الإعدادات'!A1","⚙️ الإعدادات") -> ⚙️ الإعدادات | M2: =HYPERLINK("#'دليل الاستخدام'!A1","📖 دليل الاستخدام") -> 📖 دليل الاستخدام
A3: ="👶 المسجلين: "&COUNTA(C6:C305)&" ✅ نشط: "&COUNTIFS(C6:C305,"<>",M6:M305,"<>غير نشط")&" 🆓 صفوف فاضية: "&(300-COUNTA(C6:C305)) -> 👶 المسجلين: 85 ✅ نشط: 85 🆓 صفوف فاضية: 215
A4: ✍️ اكتب بيانات الطفل في أول صف فاضي (الخانات البيضاء من «الاسم» لـ «الحالة») — الأعمدة الرمادية الغامقة بتتحسب لوحدها. الطفل بيظهر أوتوماتيك في كارت فصله وفي قايمة الحضور. ⚠️ ماتمسحش صفوف ولا تعمل Sort — استخدم «غير نشط».
A5: م | B5: الكود | C5: الاسم | D5: النوع | E5: السنة الدراسية | F5: الفصل (الملاك) | G5: يروح لوحده؟ | H5: رقم الأم | I5: رقم الأب | J5: العنوان | K5: الصورة 📷 | L5: ملاحظات | M5: الحالة | N5: مفتاح | O5: ترتيب | P5: حضور ✅ | Q5: غياب ❌ | R5: النسبة | S5: غياب متتالي | T5: آخر حضور | U5: حالة الحضور | V5: tier | W5: فهرس
A6: =IF(C6="","",ROW()-5) -> 1 | B6: =IF(C6="","","B-"&TEXT(ROW()-5,"000")) -> B-001 | C6: توماس صابر صبحى | D6: ولد | E6: سنة تانية | F6: غبريال | G6: لا | H6: 01271325124 | J6: 58 شارع ترعة حمزة - شقة 6 الدور 3 - يمين السلم | K6: #VALUE! | M6: نشط | N6: =IF(O6="","",F6&"|"&O6) -> غبريال|1 | O6: =IF(OR(C6="",F6=""),"",COUNTIFS(F$6:F6,F6,C$6:C6,"<>")) -> 1 | P6: =IF($O6="","",IFERROR(CHOOSE(MATCH($F6,الإعدادات!$B$4:$B$7,0),INDEX('حضور سوريال'!$C$7:$C$36,$O6),INDEX('حضور غبريال'!$C$7:$C$36,$O6),INDEX('حضور رفائيل'!$C$7:$C$36,$O6),INDEX('حضور ميخائيل'!$C$7:$C$36,$O6)),"")) -> 0 | Q6: =IF($O6="","",IFERROR(CHOOSE(MATCH($F6,الإعدادات!$B$4:$B$7,0),INDEX('حضور سوريال'!$D$7:$D$36,$O6),INDEX('حضور غبريال'!$D$7:$D$36,$O6),INDEX('حضور رفائيل'!$D$7:$D$36,$O6),INDEX('حضور ميخائيل'!$D$7:$D$36,$O6)),"")) -> 0 | R6: =IF($O6="","",IFERROR(CHOOSE(MATCH($F6,الإعدادات!$B$4:$B$7,0),INDEX('حضور سوريال'!$F$7:$F$36,$O6),INDEX('حضور غبريال'!$F$7:$F$36,$O6),INDEX('حضور رفائيل'!$F$7:$F$36,$O6),INDEX('حضور ميخائيل'!$F$7:$F$36,$O6)),"")) | S6: =IF($O6="","",IFERROR(CHOOSE(MATCH($F6,الإعدادات!$B$4:$B$7,0),INDEX('حضور سوريال'!$G$7:$G$36,$O6),INDEX('حضور غبريال'!$G$7:$G$36,$O6),INDEX('حضور رفائيل'!$G$7:$G$36,$O6),INDEX('حضور ميخائيل'!$G$7:$G$36,$O6)),"")) -> 0 | T6: =IF($O6="","",IFERROR(CHOOSE(MATCH($F6,الإعدادات!$B$4:$B$7,0),INDEX('حضور سوريال'!$H$7:$H$36,$O6),INDEX('حضور غبريال'!$H$7:$H$36,$O6),INDEX('حضور رفائيل'!$H$7:$H$36,$O6),INDEX('حضور ميخائيل'!$H$7:$H$36,$O6)),"")) -> — | U6: =IF($O6="","",IFERROR(CHOOSE(MATCH($F6,الإعدادات!$B$4:$B$7,0),INDEX('حضور سوريال'!$I$7:$I$36,$O6),INDEX('حضور غبريال'!$I$7:$I$36,$O6),INDEX('حضور رفائيل'!$I$7:$I$36,$O6),INDEX('حضور ميخائيل'!$I$7:$I$36,$O6)),"")) -> ⏳ لسه مفيش حضور | V6: =IF($O6="","",IFERROR(CHOOSE(MATCH($F6,الإعدادات!$B$4:$B$7,0),INDEX('حضور سوريال'!$BM$7:$BM$36,$O6),INDEX('حضور غبريال'!$BM$7:$BM$36,$O6),INDEX('حضور رفائيل'!$BM$7:$BM$36,$O6),INDEX('حضور ميخائيل'!$BM$7:$BM$36,$O6)),"")) -> 0 | W6: =IF(OR(V6=3,V6=4),COUNTIFS(V$6:V6,3)+COUNTIFS(V$6:V6,4),"")
A7: =IF(C7="","",ROW()-5) -> 2 | B7: =IF(C7="","","B-"&TEXT(ROW()-5,"000")) -> B-002 | C7: سيلينا رامي رومانى | D7: بنت | E7: سنة تانية | F7: غبريال | G7: لا | H7: 01286806532 | J7: 115 أ ابراج الاصاله امام الصحة - الدور ال 12 الشقة اللي علي اليمين - براج الاصاله امام الصحة الدور ال 12 الشقه على اليمين اول عمارة على الشمال | K7: #VALUE! | M7: نشط | N7: =IF(O7="","",F7&"|"&O7) -> غبريال|2 | O7: =IF(OR(C7="",F7=""),"",COUNTIFS(F$6:F7,F7,C$6:C7,"<>")) -> 2 | P7: =IF($O7="","",IFERROR(CHOOSE(MATCH($F7,الإعدادات!$B$4:$B$7,0),INDEX('حضور سوريال'!$C$7:$C$36,$O7),INDEX('حضور غبريال'!$C$7:$C$36,$O7),INDEX('حضور رفائيل'!$C$7:$C$36,$O7),INDEX('حضور ميخائيل'!$C$7:$C$36,$O7)),"")) -> 0 | Q7: =IF($O7="","",IFERROR(CHOOSE(MATCH($F7,الإعدادات!$B$4:$B$7,0),INDEX('حضور سوريال'!$D$7:$D$36,$O7),INDEX('حضور غبريال'!$D$7:$D$36,$O7),INDEX('حضور رفائيل'!$D$7:$D$36,$O7),INDEX('حضور ميخائيل'!$D$7:$D$36,$O7)),"")) -> 0 | R7: =IF($O7="","",IFERROR(CHOOSE(MATCH($F7,الإعدادات!$B$4:$B$7,0),INDEX('حضور سوريال'!$F$7:$F$36,$O7),INDEX('حضور غبريال'!$F$7:$F$36,$O7),INDEX('حضور رفائيل'!$F$7:$F$36,$O7),INDEX('حضور ميخائيل'!$F$7:$F$36,$O7)),"")) | S7: =IF($O7="","",IFERROR(CHOOSE(MATCH($F7,الإعدادات!$B$4:$B$7,0),INDEX('حضور سوريال'!$G$7:$G$36,$O7),INDEX('حضور غبريال'!$G$7:$G$36,$O7),INDEX('حضور رفائيل'!$G$7:$G$36,$O7),INDEX('حضور ميخائيل'!$G$7:$G$36,$O7)),"")) -> 0 | T7: =IF($O7="","",IFERROR(CHOOSE(MATCH($F7,الإعدادات!$B$4:$B$7,0),INDEX('حضور سوريال'!$H$7:$H$36,$O7),INDEX('حضور غبريال'!$H$7:$H$36,$O7),INDEX('حضور رفائيل'!$H$7:$H$36,$O7),INDEX('حضور ميخائيل'!$H$7:$H$36,$O7)),"")) -> — | U7: =IF($O7="","",IFERROR(CHOOSE(MATCH($F7,الإعدادات!$B$4:$B$7,0),INDEX('حضور سوريال'!$I$7:$I$36,$O7),INDEX('حضور غبريال'!$I$7:$I$36,$O7),INDEX('حضور رفائيل'!$I$7:$I$36,$O7),INDEX('حضور ميخائيل'!$I$7:$I$36,$O7)),"")) -> ⏳ لسه مفيش حضور | V7: =IF($O7="","",IFERROR(CHOOSE(MATCH($F7,الإعدادات!$B$4:$B$7,0),INDEX('حضور سوريال'!$BM$7:$BM$36,$O7),INDEX('حضور غبريال'!$BM$7:$BM$36,$O7),INDEX('حضور رفائيل'!$BM$7:$BM$36,$O7),INDEX('حضور ميخائيل'!$BM$7:$BM$36,$O7)),"")) -> 0 | W7: =IF(OR(V7=3,V7=4),COUNTIFS(V$6:V7,3)+COUNTIFS(V$6:V7,4),"")
A8: =IF(C8="","",ROW()-5) -> 3 | B8: =IF(C8="","","B-"&TEXT(ROW()-5,"000")) -> B-003 | C8: روبن عبد المسيح رافت | D8: ولد | E8: سنة تانية | F8: غبريال | G8: لا | H8: 01227832577 | I8: 01221561038 | J8: 8 شارع محمد مغاورى - شقة 5 الدور 5 - من شارع البشري / الشارع اللى قدام محل بيبو | K8: #VALUE! | M8: نشط | N8: =IF(O8="","",F8&"|"&O8) -> غبريال|3 | O8: =IF(OR(C8="",F8=""),"",COUNTIFS(F$6:F8,F8,C$6:C8,"<>")) -> 3 | P8: =IF($O8="","",IFERROR(CHOOSE(MATCH($F8,الإعدادات!$B$4:$B$7,0),INDEX('حضور سوريال'!$C$7:$C$36,$O8),INDEX('حضور غبريال'!$C$7:$C$36,$O8),INDEX('حضور رفائيل'!$C$7:$C$36,$O8),INDEX('حضور ميخائيل'!$C$7:$C$36,$O8)),"")) -> 0 | Q8: =IF($O8="","",IFERROR(CHOOSE(MATCH($F8,الإعدادات!$B$4:$B$7,0),INDEX('حضور سوريال'!$D$7:$D$36,$O8),INDEX('حضور غبريال'!$D$7:$D$36,$O8),INDEX('حضور رفائيل'!$D$7:$D$36,$O8),INDEX('حضور ميخائيل'!$D$7:$D$36,$O8)),"")) -> 0 | R8: =IF($O8="","",IFERROR(CHOOSE(MATCH($F8,الإعدادات!$B$4:$B$7,0),INDEX('حضور سوريال'!$F$7:$F$36,$O8),INDEX('حضور غبريال'!$F$7:$F$36,$O8),INDEX('حضور رفائيل'!$F$7:$F$36,$O8),INDEX('حضور ميخائيل'!$F$7:$F$36,$O8)),"")) | S8: =IF($O8="","",IFERROR(CHOOSE(MATCH($F8,الإعدادات!$B$4:$B$7,0),INDEX('حضور سوريال'!$G$7:$G$36,$O8),INDEX('حضور غبريال'!$G$7:$G$36,$O8),INDEX('حضور رفائيل'!$G$7:$G$36,$O8),INDEX('حضور ميخائيل'!$G$7:$G$36,$O8)),"")) -> 0 | T8: =IF($O8="","",IFERROR(CHOOSE(MATCH($F8,الإعدادات!$B$4:$B$7,0),INDEX('حضور سوريال'!$H$7:$H$36,$O8),INDEX('حضور غبريال'!$H$7:$H$36,$O8),INDEX('حضور رفائيل'!$H$7:$H$36,$O8),INDEX('حضور ميخائيل'!$H$7:$H$36,$O8)),"")) -> — | U8: =IF($O8="","",IFERROR(CHOOSE(MATCH($F8,الإعدادات!$B$4:$B$7,0),INDEX('حضور سوريال'!$I$7:$I$36,$O8),INDEX('حضور غبريال'!$I$7:$I$36,$O8),INDEX('حضور رفائيل'!$I$7:$I$36,$O8),INDEX('حضور ميخائيل'!$I$7:$I$36,$O8)),"")) -> ⏳ لسه مفيش حضور | V8: =IF($O8="","",IFERROR(CHOOSE(MATCH($F8,الإعدادات!$B$4:$B$7,0),INDEX('حضور سوريال'!$BM$7:$BM$36,$O8),INDEX('حضور غبريال'!$BM$7:$BM$36,$O8),INDEX('حضور رفائيل'!$BM$7:$BM$36,$O8),INDEX('حضور ميخائيل'!$BM$7:$BM$36,$O8)),"")) -> 0 | W8: =IF(OR(V8=3,V8=4),COUNTIFS(V$6:V8,3)+COUNTIFS(V$6:V8,4),"")
A9: =IF(C9="","",ROW()-5) -> 4 | B9: =IF(C9="","","B-"&TEXT(ROW()-5,"000")) -> B-004 | C9: جوى جورج ثابت | D9: بنت | E9: سنة تانية | F9: غبريال | G9: لا | H9: 01228872241 | J9: 5 شارع البشرى المليحة - صيدلية ميشيل | M9: نشط | N9: =IF(O9="","",F9&"|"&O9) -> غبريال|4 | O9: =IF(OR(C9="",F9=""),"",COUNTIFS(F$6:F9,F9,C$6:C9,"<>")) -> 4 | P9: =IF($O9="","",IFERROR(CHOOSE(MATCH($F9,الإعدادات!$B$4:$B$7,0),INDEX('حضور سوريال'!$C$7:$C$36,$O9),INDEX('حضور غبريال'!$C$7:$C$36,$O9),INDEX('حضور رفائيل'!$C$7:$C$36,$O9),INDEX('حضور ميخائيل'!$C$7:$C$36,$O9)),"")) -> 0 | Q9: =IF($O9="","",IFERROR(CHOOSE(MATCH($F9,الإعدادات!$B$4:$B$7,0),INDEX('حضور سوريال'!$D$7:$D$36,$O9),INDEX('حضور غبريال'!$D$7:$D$36,$O9),INDEX('حضور رفائيل'!$D$7:$D$36,$O9),INDEX('حضور ميخائيل'!$D$7:$D$36,$O9)),"")) -> 0 | R9: =IF($O9="","",IFERROR(CHOOSE(MATCH($F9,الإعدادات!$B$4:$B$7,0),INDEX('حضور سوريال'!$F$7:$F$36,$O9),INDEX('حضور غبريال'!$F$7:$F$36,$O9),INDEX('حضور رفائيل'!$F$7:$F$36,$O9),INDEX('حضور ميخائيل'!$F$7:$F$36,$O9)),"")) | S9: =IF($O9="","",IFERROR(CHOOSE(MATCH($F9,الإعدادات!$B$4:$B$7,0),INDEX('حضور سوريال'!$G$7:$G$36,$O9),INDEX('حضور غبريال'!$G$7:$G$36,$O9),INDEX('حضور رفائيل'!$G$7:$G$36,$O9),INDEX('حضور ميخائيل'!$G$7:$G$36,$O9)),"")) -> 0 | T9: =IF($O9="","",IFERROR(CHOOSE(MATCH($F9,الإعدادات!$B$4:$B$7,0),INDEX('حضور سوريال'!$H$7:$H$36,$O9),INDEX('حضور غبريال'!$H$7:$H$36,$O9),INDEX('حضور رفائيل'!$H$7:$H$36,$O9),INDEX('حضور ميخائيل'!$H$7:$H$36,$O9)),"")) -> — | U9: =IF($O9="","",IFERROR(CHOOSE(MATCH($F9,الإعدادات!$B$4:$B$7,0),INDEX('حضور سوريال'!$I$7:$I$36,$O9),INDEX('حضور غبريال'!$I$7:$I$36,$O9),INDEX('حضور رفائيل'!$I$7:$I$36,$O9),INDEX('حضور ميخائيل'!$I$7:$I$36,$O9)),"")) -> ⏳ لسه مفيش حضور | V9: =IF($O9="","",IFERROR(CHOOSE(MATCH($F9,الإعدادات!$B$4:$B$7,0),INDEX('حضور سوريال'!$BM$7:$BM$36,$O9),INDEX('حضور غبريال'!$BM$7:$BM$36,$O9),INDEX('حضور رفائيل'!$BM$7:$BM$36,$O9),INDEX('حضور ميخائيل'!$BM$7:$BM$36,$O9)),"")) -> 0 | W9: =IF(OR(V9=3,V9=4),COUNTIFS(V$6:V9,3)+COUNTIFS(V$6:V9,4),"")
A10: =IF(C10="","",ROW()-5) -> 5 | B10: =IF(C10="","","B-"&TEXT(ROW()-5,"000")) -> B-005 | C10: بارثينيا رامز منير شفيق | D10: بنت | E10: سنة تانية | F10: غبريال | G10: لا | H10: 01270484412 | J10: 19 شارع عزبة الرشيدى - الدور 7 - عزبه النخل / 19 رشدى نساك | K10: #VALUE! | M10: نشط | N10: =IF(O10="","",F10&"|"&O10) -> غبريال|5 | O10: =IF(OR(C10="",F10=""),"",COUNTIFS(F$6:F10,F10,C$6:C10,"<>")) -> 5 | P10: =IF($O10="","",IFERROR(CHOOSE(MATCH($F10,الإعدادات!$B$4:$B$7,0),INDEX('حضور سوريال'!$C$7:$C$36,$O10),INDEX('حضور غبريال'!$C$7:$C$36,$O10),INDEX('حضور رفائيل'!$C$7:$C$36,$O10),INDEX('حضور ميخائيل'!$C$7:$C$36,$O10)),"")) -> 0 | Q10: =IF($O10="","",IFERROR(CHOOSE(MATCH($F10,الإعدادات!$B$4:$B$7,0),INDEX('حضور سوريال'!$D$7:$D$36,$O10),INDEX('حضور غبريال'!$D$7:$D$36,$O10),INDEX('حضور رفائيل'!$D$7:$D$36,$O10),INDEX('حضور ميخائيل'!$D$7:$D$36,$O10)),"")) -> 0 | R10: =IF($O10="","",IFERROR(CHOOSE(MATCH($F10,الإعدادات!$B$4:$B$7,0),INDEX('حضور سوريال'!$F$7:$F$36,$O10),INDEX('حضور غبريال'!$F$7:$F$36,$O10),INDEX('حضور رفائيل'!$F$7:$F$36,$O10),INDEX('حضور ميخائيل'!$F$7:$F$36,$O10)),"")) | S10: =IF($O10="","",IFERROR(CHOOSE(MATCH($F10,الإعدادات!$B$4:$B$7,0),INDEX('حضور سوريال'!$G$7:$G$36,$O10),INDEX('حضور غبريال'!$G$7:$G$36,$O10),INDEX('حضور رفائيل'!$G$7:$G$36,$O10),INDEX('حضور ميخائيل'!$G$7:$G$36,$O10)),"")) -> 0 | T10: =IF($O10="","",IFERROR(CHOOSE(MATCH($F10,الإعدادات!$B$4:$B$7,0),INDEX('حضور سوريال'!$H$7:$H$36,$O10),INDEX('حضور غبريال'!$H$7:$H$36,$O10),INDEX('حضور رفائيل'!$H$7:$H$36,$O10),INDEX('حضور ميخائيل'!$H$7:$H$36,$O10)),"")) -> — | U10: =IF($O10="","",IFERROR(CHOOSE(MATCH($F10,الإعدادات!$B$4:$B$7,0),INDEX('حضور سوريال'!$I$7:$I$36,$O10),INDEX('حضور غبريال'!$I$7:$I$36,$O10),INDEX('حضور رفائيل'!$I$7:$I$36,$O10),INDEX('حضور ميخائيل'!$I$7:$I$36,$O10)),"")) -> ⏳ لسه مفيش حضور | V10: =IF($O10="","",IFERROR(CHOOSE(MATCH($F10,الإعدادات!$B$4:$B$7,0),INDEX('حضور سوريال'!$BM$7:$BM$36,$O10),INDEX('حضور غبريال'!$BM$7:$BM$36,$O10),INDEX('حضور رفائيل'!$BM$7:$BM$36,$O10),INDEX('حضور ميخائيل'!$BM$7:$BM$36,$O10)),"")) -> 0 | W10: =IF(OR(V10=3,V10=4),COUNTIFS(V$6:V10,3)+COUNTIFS(V$6:V10,4),"")
A11: =IF(C11="","",ROW()-5) -> 6 | B11: =IF(C11="","","B-"&TEXT(ROW()-5,"000")) -> B-006 | C11: مينا رفيق زكريا عبد الشهيد | D11: ولد | E11: سنة تانية | F11: غبريال | G11: لا | H11: 01287449133 | J11: 2 شارع فايز مترى - شقة 1 - الأرضي / مجدى البقال | M11: نشط | N11: =IF(O11="","",F11&"|"&O11) -> غبريال|6 | O11: =IF(OR(C11="",F11=""),"",COUNTIFS(F$6:F11,F11,C$6:C11,"<>")) -> 6 | P11: =IF($O11="","",IFERROR(CHOOSE(MATCH($F11,الإعدادات!$B$4:$B$7,0),INDEX('حضور سوريال'!$C$7:$C$36,$O11),INDEX('حضور غبريال'!$C$7:$C$36,$O11),INDEX('حضور رفائيل'!$C$7:$C$36,$O11),INDEX('حضور ميخائيل'!$C$7:$C$36,$O11)),"")) -> 0 | Q11: =IF($O11="","",IFERROR(CHOOSE(MATCH($F11,الإعدادات!$B$4:$B$7,0),INDEX('حضور سوريال'!$D$7:$D$36,$O11),INDEX('حضور غبريال'!$D$7:$D$36,$O11),INDEX('حضور رفائيل'!$D$7:$D$36,$O11),INDEX('حضور ميخائيل'!$D$7:$D$36,$O11)),"")) -> 0 | R11: =IF($O11="","",IFERROR(CHOOSE(MATCH($F11,الإعدادات!$B$4:$B$7,0),INDEX('حضور سوريال'!$F$7:$F$36,$O11),INDEX('حضور غبريال'!$F$7:$F$36,$O11),INDEX('حضور رفائيل'!$F$7:$F$36,$O11),INDEX('حضور ميخائيل'!$F$7:$F$36,$O11)),"")) | S11: =IF($O11="","",IFERROR(CHOOSE(MATCH($F11,الإعدادات!$B$4:$B$7,0),INDEX('حضور سوريال'!$G$7:$G$36,$O11),INDEX('حضور غبريال'!$G$7:$G$36,$O11),INDEX('حضور رفائيل'!$G$7:$G$36,$O11),INDEX('حضور ميخائيل'!$G$7:$G$36,$O11)),"")) -> 0 | T11: =IF($O11="","",IFERROR(CHOOSE(MATCH($F11,الإعدادات!$B$4:$B$7,0),INDEX('حضور سوريال'!$H$7:$H$36,$O11),INDEX('حضور غبريال'!$H$7:$H$36,$O11),INDEX('حضور رفائيل'!$H$7:$H$36,$O11),INDEX('حضور ميخائيل'!$H$7:$H$36,$O11)),"")) -> — | U11: =IF($O11="","",IFERROR(CHOOSE(MATCH($F11,الإعدادات!$B$4:$B$7,0),INDEX('حضور سوريال'!$I$7:$I$36,$O11),INDEX('حضور غبريال'!$I$7:$I$36,$O11),INDEX('حضور رفائيل'!$I$7:$I$36,$O11),INDEX('حضور ميخائيل'!$I$7:$I$36,$O11)),"")) -> ⏳ لسه مفيش حضور | V11: =IF($O11="","",IFERROR(CHOOSE(MATCH($F11,الإعدادات!$B$4:$B$7,0),INDEX('حضور سوريال'!$BM$7:$BM$36,$O11),INDEX('حضور غبريال'!$BM$7:$BM$36,$O11),INDEX('حضور رفائيل'!$BM$7:$BM$36,$O11),INDEX('حضور ميخائيل'!$BM$7:$BM$36,$O11)),"")) -> 0 | W11: =IF(OR(V11=3,V11=4),COUNTIFS(V$6:V11,3)+COUNTIFS(V$6:V11,4),"")
A12: =IF(C12="","",ROW()-5) -> 7 | B12: =IF(C12="","","B-"&TEXT(ROW()-5,"000")) -> B-007 | C12: بولا غالى توفيق | D12: ولد | E12: سنة تانية | F12: غبريال | G12: لا | H12: 01201247688 | I12: 01206588362 | J12: 25 شارع عبد الشافى حسن | M12: نشط | N12: =IF(O12="","",F12&"|"&O12) -> غبريال|7 | O12: =IF(OR(C12="",F12=""),"",COUNTIFS(F$6:F12,F12,C$6:C12,"<>")) -> 7 | P12: =IF($O12="","",IFERROR(CHOOSE(MATCH($F12,الإعدادات!$B$4:$B$7,0),INDEX('حضور سوريال'!$C$7:$C$36,$O12),INDEX('حضور غبريال'!$C$7:$C$36,$O12),INDEX('حضور رفائيل'!$C$7:$C$36,$O12),INDEX('حضور ميخائيل'!$C$7:$C$36,$O12)),"")) -> 0 | Q12: =IF($O12="","",IFERROR(CHOOSE(MATCH($F12,الإعدادات!$B$4:$B$7,0),INDEX('حضور سوريال'!$D$7:$D$36,$O12),INDEX('حضور غبريال'!$D$7:$D$36,$O12),INDEX('حضور رفائيل'!$D$7:$D$36,$O12),INDEX('حضور ميخائيل'!$D$7:$D$36,$O12)),"")) -> 0 | R12: =IF($O12="","",IFERROR(CHOOSE(MATCH($F12,الإعدادات!$B$4:$B$7,0),INDEX('حضور سوريال'!$F$7:$F$36,$O12),INDEX('حضور غبريال'!$F$7:$F$36,$O12),INDEX('حضور رفائيل'!$F$7:$F$36,$O12),INDEX('حضور ميخائيل'!$F$7:$F$36,$O12)),"")) | S12: =IF($O12="","",IFERROR(CHOOSE(MATCH($F12,الإعدادات!$B$4:$B$7,0),INDEX('حضور سوريال'!$G$7:$G$36,$O12),INDEX('حضور غبريال'!$G$7:$G$36,$O12),INDEX('حضور رفائيل'!$G$7:$G$36,$O12),INDEX('حضور ميخائيل'!$G$7:$G$36,$O12)),"")) -> 0 | T12: =IF($O12="","",IFERROR(CHOOSE(MATCH($F12,الإعدادات!$B$4:$B$7,0),INDEX('حضور سوريال'!$H$7:$H$36,$O12),INDEX('حضور غبريال'!$H$7:$H$36,$O12),INDEX('حضور رفائيل'!$H$7:$H$36,$O12),INDEX('حضور ميخائيل'!$H$7:$H$36,$O12)),"")) -> — | U12: =IF($O12="","",IFERROR(CHOOSE(MATCH($F12,الإعدادات!$B$4:$B$7,0),INDEX('حضور سوريال'!$I$7:$I$36,$O12),INDEX('حضور غبريال'!$I$7:$I$36,$O12),INDEX('حضور رفائيل'!$I$7:$I$36,$O12),INDEX('حضور ميخائيل'!$I$7:$I$36,$O12)),"")) -> ⏳ لسه مفيش حضور | V12: =IF($O12="","",IFERROR(CHOOSE(MATCH($F12,الإعدادات!$B$4:$B$7,0),INDEX('حضور سوريال'!$BM$7:$BM$36,$O12),INDEX('حضور غبريال'!$BM$7:$BM$36,$O12),INDEX('حضور رفائيل'!$BM$7:$BM$36,$O12),INDEX('حضور ميخائيل'!$BM$7:$BM$36,$O12)),"")) -> 0 | W12: =IF(OR(V12=3,V12=4),COUNTIFS(V$6:V12,3)+COUNTIFS(V$6:V12,4),"")
A13: =IF(C13="","",ROW()-5) -> 8 | B13: =IF(C13="","","B-"&TEXT(ROW()-5,"000")) -> B-008 | C13: ماري جرجس اسحق عطا الله | D13: بنت | E13: سنة تانية | F13: غبريال | G13: لا | H13: 01201652497 | J13: 4 شارع روفائيل سليمان - شقة 85 الدور 11 - امام الاسانسير | K13: #VALUE! | M13: نشط | N13: =IF(O13="","",F13&"|"&O13) -> غبريال|8 | O13: =IF(OR(C13="",F13=""),"",COUNTIFS(F$6:F13,F13,C$6:C13,"<>")) -> 8 | P13: =IF($O13="","",IFERROR(CHOOSE(MATCH($F13,الإعدادات!$B$4:$B$7,0),INDEX('حضور سوريال'!$C$7:$C$36,$O13),INDEX('حضور غبريال'!$C$7:$C$36,$O13),INDEX('حضور رفائيل'!$C$7:$C$36,$O13),INDEX('حضور ميخائيل'!$C$7:$C$36,$O13)),"")) -> 0 | Q13: =IF($O13="","",IFERROR(CHOOSE(MATCH($F13,الإعدادات!$B$4:$B$7,0),INDEX('حضور سوريال'!$D$7:$D$36,$O13),INDEX('حضور غبريال'!$D$7:$D$36,$O13),INDEX('حضور رفائيل'!$D$7:$D$36,$O13),INDEX('حضور ميخائيل'!$D$7:$D$36,$O13)),"")) -> 0 | R13: =IF($O13="","",IFERROR(CHOOSE(MATCH($F13,الإعدادات!$B$4:$B$7,0),INDEX('حضور سوريال'!$F$7:$F$36,$O13),INDEX('حضور غبريال'!$F$7:$F$36,$O13),INDEX('حضور رفائيل'!$F$7:$F$36,$O13),INDEX('حضور ميخائيل'!$F$7:$F$36,$O13)),"")) | S13: =IF($O13="","",IFERROR(CHOOSE(MATCH($F13,الإعدادات!$B$4:$B$7,0),INDEX('حضور سوريال'!$G$7:$G$36,$O13),INDEX('حضور غبريال'!$G$7:$G$36,$O13),INDEX('حضور رفائيل'!$G$7:$G$36,$O13),INDEX('حضور ميخائيل'!$G$7:$G$36,$O13)),"")) -> 0 | T13: =IF($O13="","",IFERROR(CHOOSE(MATCH($F13,الإعدادات!$B$4:$B$7,0),INDEX('حضور سوريال'!$H$7:$H$36,$O13),INDEX('حضور غبريال'!$H$7:$H$36,$O13),INDEX('حضور رفائيل'!$H$7:$H$36,$O13),INDEX('حضور ميخائيل'!$H$7:$H$36,$O13)),"")) -> — | U13: =IF($O13="","",IFERROR(CHOOSE(MATCH($F13,الإعدادات!$B$4:$B$7,0),INDEX('حضور سوريال'!$I$7:$I$36,$O13),INDEX('حضور غبريال'!$I$7:$I$36,$O13),INDEX('حضور رفائيل'!$I$7:$I$36,$O13),INDEX('حضور ميخائيل'!$I$7:$I$36,$O13)),"")) -> ⏳ لسه مفيش حضور | V13: =IF($O13="","",IFERROR(CHOOSE(MATCH($F13,الإعدادات!$B$4:$B$7,0),INDEX('حضور سوريال'!$BM$7:$BM$36,$O13),INDEX('حضور غبريال'!$BM$7:$BM$36,$O13),INDEX('حضور رفائيل'!$BM$7:$BM$36,$O13),INDEX('حضور ميخائيل'!$BM$7:$BM$36,$O13)),"")) -> 0 | W13: =IF(OR(V13=3,V13=4),COUNTIFS(V$6:V13,3)+COUNTIFS(V$6:V13,4),"")
A14: =IF(C14="","",ROW()-5) -> 9 | B14: =IF(C14="","","B-"&TEXT(ROW()-5,"000")) -> B-009 | C14: بيشوى سمير ميخائيل فيلته | D14: ولد | E14: سنة تانية | F14: غبريال | G14: لا | H14: 01208183104 | J14: 10 شارع عطوه حسن - شقة 4 الدور 4 | K14: #VALUE! | M14: نشط | N14: =IF(O14="","",F14&"|"&O14) -> غبريال|9 | O14: =IF(OR(C14="",F14=""),"",COUNTIFS(F$6:F14,F14,C$6:C14,"<>")) -> 9 | P14: =IF($O14="","",IFERROR(CHOOSE(MATCH($F14,الإعدادات!$B$4:$B$7,0),INDEX('حضور سوريال'!$C$7:$C$36,$O14),INDEX('حضور غبريال'!$C$7:$C$36,$O14),INDEX('حضور رفائيل'!$C$7:$C$36,$O14),INDEX('حضور ميخائيل'!$C$7:$C$36,$O14)),"")) -> 0 | Q14: =IF($O14="","",IFERROR(CHOOSE(MATCH($F14,الإعدادات!$B$4:$B$7,0),INDEX('حضور سوريال'!$D$7:$D$36,$O14),INDEX('حضور غبريال'!$D$7:$D$36,$O14),INDEX('حضور رفائيل'!$D$7:$D$36,$O14),INDEX('حضور ميخائيل'!$D$7:$D$36,$O14)),"")) -> 0 | R14: =IF($O14="","",IFERROR(CHOOSE(MATCH($F14,الإعدادات!$B$4:$B$7,0),INDEX('حضور سوريال'!$F$7:$F$36,$O14),INDEX('حضور غبريال'!$F$7:$F$36,$O14),INDEX('حضور رفائيل'!$F$7:$F$36,$O14),INDEX('حضور ميخائيل'!$F$7:$F$36,$O14)),"")) | S14: =IF($O14="","",IFERROR(CHOOSE(MATCH($F14,الإعدادات!$B$4:$B$7,0),INDEX('حضور سوريال'!$G$7:$G$36,$O14),INDEX('حضور غبريال'!$G$7:$G$36,$O14),INDEX('حضور رفائيل'!$G$7:$G$36,$O14),INDEX('حضور ميخائيل'!$G$7:$G$36,$O14)),"")) -> 0 | T14: =IF($O14="","",IFERROR(CHOOSE(MATCH($F14,الإعدادات!$B$4:$B$7,0),INDEX('حضور سوريال'!$H$7:$H$36,$O14),INDEX('حضور غبريال'!$H$7:$H$36,$O14),INDEX('حضور رفائيل'!$H$7:$H$36,$O14),INDEX('حضور ميخائيل'!$H$7:$H$36,$O14)),"")) -> — | U14: =IF($O14="","",IFERROR(CHOOSE(MATCH($F14,الإعدادات!$B$4:$B$7,0),INDEX('حضور سوريال'!$I$7:$I$36,$O14),INDEX('حضور غبريال'!$I$7:$I$36,$O14),INDEX('حضور رفائيل'!$I$7:$I$36,$O14),INDEX('حضور ميخائيل'!$I$7:$I$36,$O14)),"")) -> ⏳ لسه مفيش حضور | V14: =IF($O14="","",IFERROR(CHOOSE(MATCH($F14,الإعدادات!$B$4:$B$7,0),INDEX('حضور سوريال'!$BM$7:$BM$36,$O14),INDEX('حضور غبريال'!$BM$7:$BM$36,$O14),INDEX('حضور رفائيل'!$BM$7:$BM$36,$O14),INDEX('حضور ميخائيل'!$BM$7:$BM$36,$O14)),"")) -> 0 | W14: =IF(OR(V14=3,V14=4),COUNTIFS(V$6:V14,3)+COUNTIFS(V$6:V14,4),"")
A15: =IF(C15="","",ROW()-5) -> 10 | B15: =IF(C15="","","B-"&TEXT(ROW()-5,"000")) -> B-010 | C15: دانييلا توفيق شوقي | D15: ولد | E15: سنة تانية | F15: غبريال | G15: لا | H15: 01289871210 | J15: 8 شارع عبد العاطى احمد عليوة - شقة 3 الدور 3 - متفرع من شارع جوجو | M15: نشط | N15: =IF(O15="","",F15&"|"&O15) -> غبريال|10 | O15: =IF(OR(C15="",F15=""),"",COUNTIFS(F$6:F15,F15,C$6:C15,"<>")) -> 10 | P15: =IF($O15="","",IFERROR(CHOOSE(MATCH($F15,الإعدادات!$B$4:$B$7,0),INDEX('حضور سوريال'!$C$7:$C$36,$O15),INDEX('حضور غبريال'!$C$7:$C$36,$O15),INDEX('حضور رفائيل'!$C$7:$C$36,$O15),INDEX('حضور ميخائيل'!$C$7:$C$36,$O15)),"")) -> 0 | Q15: =IF($O15="","",IFERROR(CHOOSE(MATCH($F15,الإعدادات!$B$4:$B$7,0),INDEX('حضور سوريال'!$D$7:$D$36,$O15),INDEX('حضور غبريال'!$D$7:$D$36,$O15),INDEX('حضور رفائيل'!$D$7:$D$36,$O15),INDEX('حضور ميخائيل'!$D$7:$D$36,$O15)),"")) -> 0 | R15: =IF($O15="","",IFERROR(CHOOSE(MATCH($F15,الإعدادات!$B$4:$B$7,0),INDEX('حضور سوريال'!$F$7:$F$36,$O15),INDEX('حضور غبريال'!$F$7:$F$36,$O15),INDEX('حضور رفائيل'!$F$7:$F$36,$O15),INDEX('حضور ميخائيل'!$F$7:$F$36,$O15)),"")) | S15: =IF($O15="","",IFERROR(CHOOSE(MATCH($F15,الإعدادات!$B$4:$B$7,0),INDEX('حضور سوريال'!$G$7:$G$36,$O15),INDEX('حضور غبريال'!$G$7:$G$36,$O15),INDEX('حضور رفائيل'!$G$7:$G$36,$O15),INDEX('حضور ميخائيل'!$G$7:$G$36,$O15)),"")) -> 0 | T15: =IF($O15="","",IFERROR(CHOOSE(MATCH($F15,الإعدادات!$B$4:$B$7,0),INDEX('حضور سوريال'!$H$7:$H$36,$O15),INDEX('حضور غبريال'!$H$7:$H$36,$O15),INDEX('حضور رفائيل'!$H$7:$H$36,$O15),INDEX('حضور ميخائيل'!$H$7:$H$36,$O15)),"")) -> — | U15: =IF($O15="","",IFERROR(CHOOSE(MATCH($F15,الإعدادات!$B$4:$B$7,0),INDEX('حضور سوريال'!$I$7:$I$36,$O15),INDEX('حضور غبريال'!$I$7:$I$36,$O15),INDEX('حضور رفائيل'!$I$7:$I$36,$O15),INDEX('حضور ميخائيل'!$I$7:$I$36,$O15)),"")) -> ⏳ لسه مفيش حضور | V15: =IF($O15="","",IFERROR(CHOOSE(MATCH($F15,الإعدادات!$B$4:$B$7,0),INDEX('حضور سوريال'!$BM$7:$BM$36,$O15),INDEX('حضور غبريال'!$BM$7:$BM$36,$O15),INDEX('حضور رفائيل'!$BM$7:$BM$36,$O15),INDEX('حضور ميخائيل'!$BM$7:$BM$36,$O15)),"")) -> 0 | W15: =IF(OR(V15=3,V15=4),COUNTIFS(V$6:V15,3)+COUNTIFS(V$6:V15,4),"")
A16: =IF(C16="","",ROW()-5) -> 11 | B16: =IF(C16="","","B-"&TEXT(ROW()-5,"000")) -> B-011 | C16: بولا ابانوب كرم شلبى | D16: ولد | E16: سنة تانية | F16: غبريال | G16: لا | H16: 01225620289 | J16: 2 شارع محمد عبد الله سلام - شقة 6 الدور 2 - منطقة 2 | K16: #VALUE! | M16: نشط | N16: =IF(O16="","",F16&"|"&O16) -> غبريال|11 | O16: =IF(OR(C16="",F16=""),"",COUNTIFS(F$6:F16,F16,C$6:C16,"<>")) -> 11 | P16: =IF($O16="","",IFERROR(CHOOSE(MATCH($F16,الإعدادات!$B$4:$B$7,0),INDEX('حضور سوريال'!$C$7:$C$36,$O16),INDEX('حضور غبريال'!$C$7:$C$36,$O16),INDEX('حضور رفائيل'!$C$7:$C$36,$O16),INDEX('حضور ميخائيل'!$C$7:$C$36,$O16)),"")) -> 0 | Q16: =IF($O16="","",IFERROR(CHOOSE(MATCH($F16,الإعدادات!$B$4:$B$7,0),INDEX('حضور سوريال'!$D$7:$D$36,$O16),INDEX('حضور غبريال'!$D$7:$D$36,$O16),INDEX('حضور رفائيل'!$D$7:$D$36,$O16),INDEX('حضور ميخائيل'!$D$7:$D$36,$O16)),"")) -> 0 | R16: =IF($O16="","",IFERROR(CHOOSE(MATCH($F16,الإعدادات!$B$4:$B$7,0),INDEX('حضور سوريال'!$F$7:$F$36,$O16),INDEX('حضور غبريال'!$F$7:$F$36,$O16),INDEX('حضور رفائيل'!$F$7:$F$36,$O16),INDEX('حضور ميخائيل'!$F$7:$F$36,$O16)),"")) | S16: =IF($O16="","",IFERROR(CHOOSE(MATCH($F16,الإعدادات!$B$4:$B$7,0),INDEX('حضور سوريال'!$G$7:$G$36,$O16),INDEX('حضور غبريال'!$G$7:$G$36,$O16),INDEX('حضور رفائيل'!$G$7:$G$36,$O16),INDEX('حضور ميخائيل'!$G$7:$G$36,$O16)),"")) -> 0 | T16: =IF($O16="","",IFERROR(CHOOSE(MATCH($F16,الإعدادات!$B$4:$B$7,0),INDEX('حضور سوريال'!$H$7:$H$36,$O16),INDEX('حضور غبريال'!$H$7:$H$36,$O16),INDEX('حضور رفائيل'!$H$7:$H$36,$O16),INDEX('حضور ميخائيل'!$H$7:$H$36,$O16)),"")) -> — | U16: =IF($O16="","",IFERROR(CHOOSE(MATCH($F16,الإعدادات!$B$4:$B$7,0),INDEX('حضور سوريال'!$I$7:$I$36,$O16),INDEX('حضور غبريال'!$I$7:$I$36,$O16),INDEX('حضور رفائيل'!$I$7:$I$36,$O16),INDEX('حضور ميخائيل'!$I$7:$I$36,$O16)),"")) -> ⏳ لسه مفيش حضور | V16: =IF($O16="","",IFERROR(CHOOSE(MATCH($F16,الإعدادات!$B$4:$B$7,0),INDEX('حضور سوريال'!$BM$7:$BM$36,$O16),INDEX('حضور غبريال'!$BM$7:$BM$36,$O16),INDEX('حضور رفائيل'!$BM$7:$BM$36,$O16),INDEX('حضور ميخائيل'!$BM$7:$BM$36,$O16)),"")) -> 0 | W16: =IF(OR(V16=3,V16=4),COUNTIFS(V$6:V16,3)+COUNTIFS(V$6:V16,4),"")
A17: =IF(C17="","",ROW()-5) -> 12 | B17: =IF(C17="","","B-"&TEXT(ROW()-5,"000")) -> B-012 | C17: دولوريس جوزيف رزق الله | D17: بنت | E17: سنة تانية | F17: غبريال | G17: لا | H17: 01284105321 | J17: 26 شارع أحمد رفاعى - شقة 6 الدور 6 | K17: #VALUE! | M17: نشط | N17: =IF(O17="","",F17&"|"&O17) -> غبريال|12 | O17: =IF(OR(C17="",F17=""),"",COUNTIFS(F$6:F17,F17,C$6:C17,"<>")) -> 12 | P17: =IF($O17="","",IFERROR(CHOOSE(MATCH($F17,الإعدادات!$B$4:$B$7,0),INDEX('حضور سوريال'!$C$7:$C$36,$O17),INDEX('حضور غبريال'!$C$7:$C$36,$O17),INDEX('حضور رفائيل'!$C$7:$C$36,$O17),INDEX('حضور ميخائيل'!$C$7:$C$36,$O17)),"")) -> 0 | Q17: =IF($O17="","",IFERROR(CHOOSE(MATCH($F17,الإعدادات!$B$4:$B$7,0),INDEX('حضور سوريال'!$D$7:$D$36,$O17),INDEX('حضور غبريال'!$D$7:$D$36,$O17),INDEX('حضور رفائيل'!$D$7:$D$36,$O17),INDEX('حضور ميخائيل'!$D$7:$D$36,$O17)),"")) -> 0 | R17: =IF($O17="","",IFERROR(CHOOSE(MATCH($F17,الإعدادات!$B$4:$B$7,0),INDEX('حضور سوريال'!$F$7:$F$36,$O17),INDEX('حضور غبريال'!$F$7:$F$36,$O17),INDEX('حضور رفائيل'!$F$7:$F$36,$O17),INDEX('حضور ميخائيل'!$F$7:$F$36,$O17)),"")) | S17: =IF($O17="","",IFERROR(CHOOSE(MATCH($F17,الإعدادات!$B$4:$B$7,0),INDEX('حضور سوريال'!$G$7:$G$36,$O17),INDEX('حضور غبريال'!$G$7:$G$36,$O17),INDEX('حضور رفائيل'!$G$7:$G$36,$O17),INDEX('حضور ميخائيل'!$G$7:$G$36,$O17)),"")) -> 0 | T17: =IF($O17="","",IFERROR(CHOOSE(MATCH($F17,الإعدادات!$B$4:$B$7,0),INDEX('حضور سوريال'!$H$7:$H$36,$O17),INDEX('حضور غبريال'!$H$7:$H$36,$O17),INDEX('حضور رفائيل'!$H$7:$H$36,$O17),INDEX('حضور ميخائيل'!$H$7:$H$36,$O17)),"")) -> — | U17: =IF($O17="","",IFERROR(CHOOSE(MATCH($F17,الإعدادات!$B$4:$B$7,0),INDEX('حضور سوريال'!$I$7:$I$36,$O17),INDEX('حضور غبريال'!$I$7:$I$36,$O17),INDEX('حضور رفائيل'!$I$7:$I$36,$O17),INDEX('حضور ميخائيل'!$I$7:$I$36,$O17)),"")) -> ⏳ لسه مفيش حضور | V17: =IF($O17="","",IFERROR(CHOOSE(MATCH($F17,الإعدادات!$B$4:$B$7,0),INDEX('حضور سوريال'!$BM$7:$BM$36,$O17),INDEX('حضور غبريال'!$BM$7:$BM$36,$O17),INDEX('حضور رفائيل'!$BM$7:$BM$36,$O17),INDEX('حضور ميخائيل'!$BM$7:$BM$36,$O17)),"")) -> 0 | W17: =IF(OR(V17=3,V17=4),COUNTIFS(V$6:V17,3)+COUNTIFS(V$6:V17,4),"")
A18: =IF(C18="","",ROW()-5) -> 13 | B18: =IF(C18="","","B-"&TEXT(ROW()-5,"000")) -> B-013 | C18: جاستن مينا عبد السيد عطيه | D18: ولد | E18: سنة تانية | F18: غبريال | G18: لا | H18: 01205976098 | I18: 01221363758 | J18: 1 شارع على ابو عيش - شقة 1 الدور 2 - عماره المقله | K18: #VALUE! | M18: نشط | N18: =IF(O18="","",F18&"|"&O18) -> غبريال|13 | O18: =IF(OR(C18="",F18=""),"",COUNTIFS(F$6:F18,F18,C$6:C18,"<>")) -> 13 | P18: =IF($O18="","",IFERROR(CHOOSE(MATCH($F18,الإعدادات!$B$4:$B$7,0),INDEX('حضور سوريال'!$C$7:$C$36,$O18),INDEX('حضور غبريال'!$C$7:$C$36,$O18),INDEX('حضور رفائيل'!$C$7:$C$36,$O18),INDEX('حضور ميخائيل'!$C$7:$C$36,$O18)),"")) -> 0 | Q18: =IF($O18="","",IFERROR(CHOOSE(MATCH($F18,الإعدادات!$B$4:$B$7,0),INDEX('حضور سوريال'!$D$7:$D$36,$O18),INDEX('حضور غبريال'!$D$7:$D$36,$O18),INDEX('حضور رفائيل'!$D$7:$D$36,$O18),INDEX('حضور ميخائيل'!$D$7:$D$36,$O18)),"")) -> 0 | R18: =IF($O18="","",IFERROR(CHOOSE(MATCH($F18,الإعدادات!$B$4:$B$7,0),INDEX('حضور سوريال'!$F$7:$F$36,$O18),INDEX('حضور غبريال'!$F$7:$F$36,$O18),INDEX('حضور رفائيل'!$F$7:$F$36,$O18),INDEX('حضور ميخائيل'!$F$7:$F$36,$O18)),"")) | S18: =IF($O18="","",IFERROR(CHOOSE(MATCH($F18,الإعدادات!$B$4:$B$7,0),INDEX('حضور سوريال'!$G$7:$G$36,$O18),INDEX('حضور غبريال'!$G$7:$G$36,$O18),INDEX('حضور رفائيل'!$G$7:$G$36,$O18),INDEX('حضور ميخائيل'!$G$7:$G$36,$O18)),"")) -> 0 | T18: =IF($O18="","",IFERROR(CHOOSE(MATCH($F18,الإعدادات!$B$4:$B$7,0),INDEX('حضور سوريال'!$H$7:$H$36,$O18),INDEX('حضور غبريال'!$H$7:$H$36,$O18),INDEX('حضور رفائيل'!$H$7:$H$36,$O18),INDEX('حضور ميخائيل'!$H$7:$H$36,$O18)),"")) -> — | U18: =IF($O18="","",IFERROR(CHOOSE(MATCH($F18,الإعدادات!$B$4:$B$7,0),INDEX('حضور سوريال'!$I$7:$I$36,$O18),INDEX('حضور غبريال'!$I$7:$I$36,$O18),INDEX('حضور رفائيل'!$I$7:$I$36,$O18),INDEX('حضور ميخائيل'!$I$7:$I$36,$O18)),"")) -> ⏳ لسه مفيش حضور | V18: =IF($O18="","",IFERROR(CHOOSE(MATCH($F18,الإعدادات!$B$4:$B$7,0),INDEX('حضور سوريال'!$BM$7:$BM$36,$O18),INDEX('حضور غبريال'!$BM$7:$BM$36,$O18),INDEX('حضور رفائيل'!$BM$7:$BM$36,$O18),INDEX('حضور ميخائيل'!$BM$7:$BM$36,$O18)),"")) -> 0 | W18: =IF(OR(V18=3,V18=4),COUNTIFS(V$6:V18,3)+COUNTIFS(V$6:V18,4),"")
A19: =IF(C19="","",ROW()-5) -> 14 | B19: =IF(C19="","","B-"&TEXT(ROW()-5,"000")) -> B-014 | C19: جانا عبادى يوسف عبادى | D19: بنت | E19: سنة تانية | F19: غبريال | G19: لا | H19: 01273654595 | J19: 5 شارع المدارس - الارضي - الارضى | K19: #VALUE! | M19: نشط | N19: =IF(O19="","",F19&"|"&O19) -> غبريال|14 | O19: =IF(OR(C19="",F19=""),"",COUNTIFS(F$6:F19,F19,C$6:C19,"<>")) -> 14 | P19: =IF($O19="","",IFERROR(CHOOSE(MATCH($F19,الإعدادات!$B$4:$B$7,0),INDEX('حضور سوريال'!$C$7:$C$36,$O19),INDEX('حضور غبريال'!$C$7:$C$36,$O19),INDEX('حضور رفائيل'!$C$7:$C$36,$O19),INDEX('حضور ميخائيل'!$C$7:$C$36,$O19)),"")) -> 0 | Q19: =IF($O19="","",IFERROR(CHOOSE(MATCH($F19,الإعدادات!$B$4:$B$7,0),INDEX('حضور سوريال'!$D$7:$D$36,$O19),INDEX('حضور غبريال'!$D$7:$D$36,$O19),INDEX('حضور رفائيل'!$D$7:$D$36,$O19),INDEX('حضور ميخائيل'!$D$7:$D$36,$O19)),"")) -> 0 | R19: =IF($O19="","",IFERROR(CHOOSE(MATCH($F19,الإعدادات!$B$4:$B$7,0),INDEX('حضور سوريال'!$F$7:$F$36,$O19),INDEX('حضور غبريال'!$F$7:$F$36,$O19),INDEX('حضور رفائيل'!$F$7:$F$36,$O19),INDEX('حضور ميخائيل'!$F$7:$F$36,$O19)),"")) | S19: =IF($O19="","",IFERROR(CHOOSE(MATCH($F19,الإعدادات!$B$4:$B$7,0),INDEX('حضور سوريال'!$G$7:$G$36,$O19),INDEX('حضور غبريال'!$G$7:$G$36,$O19),INDEX('حضور رفائيل'!$G$7:$G$36,$O19),INDEX('حضور ميخائيل'!$G$7:$G$36,$O19)),"")) -> 0 | T19: =IF($O19="","",IFERROR(CHOOSE(MATCH($F19,الإعدادات!$B$4:$B$7,0),INDEX('حضور سوريال'!$H$7:$H$36,$O19),INDEX('حضور غبريال'!$H$7:$H$36,$O19),INDEX('حضور رفائيل'!$H$7:$H$36,$O19),INDEX('حضور ميخائيل'!$H$7:$H$36,$O19)),"")) -> — | U19: =IF($O19="","",IFERROR(CHOOSE(MATCH($F19,الإعدادات!$B$4:$B$7,0),INDEX('حضور سوريال'!$I$7:$I$36,$O19),INDEX('حضور غبريال'!$I$7:$I$36,$O19),INDEX('حضور رفائيل'!$I$7:$I$36,$O19),INDEX('حضور ميخائيل'!$I$7:$I$36,$O19)),"")) -> ⏳ لسه مفيش حضور | V19: =IF($O19="","",IFERROR(CHOOSE(MATCH($F19,الإعدادات!$B$4:$B$7,0),INDEX('حضور سوريال'!$BM$7:$BM$36,$O19),INDEX('حضور غبريال'!$BM$7:$BM$36,$O19),INDEX('حضور رفائيل'!$BM$7:$BM$36,$O19),INDEX('حضور ميخائيل'!$BM$7:$BM$36,$O19)),"")) -> 0 | W19: =IF(OR(V19=3,V19=4),COUNTIFS(V$6:V19,3)+COUNTIFS(V$6:V19,4),"")
A20: =IF(C20="","",ROW()-5) -> 15 | B20: =IF(C20="","","B-"&TEXT(ROW()-5,"000")) -> B-015 | C20: يوسف ميلاد رسمى بقطر | D20: ولد | E20: سنة تانية | F20: غبريال | G20: لا | H20: 01210019391 | I20: 01277561044 | J20: 2 شارع فايز مترى - شقة 5 الدور 3 - يمين / مجدى البقال | M20: نشط | N20: =IF(O20="","",F20&"|"&O20) -> غبريال|15 | O20: =IF(OR(C20="",F20=""),"",COUNTIFS(F$6:F20,F20,C$6:C20,"<>")) -> 15 | P20: =IF($O20="","",IFERROR(CHOOSE(MATCH($F20,الإعدادات!$B$4:$B$7,0),INDEX('حضور سوريال'!$C$7:$C$36,$O20),INDEX('حضور غبريال'!$C$7:$C$36,$O20),INDEX('حضور رفائيل'!$C$7:$C$36,$O20),INDEX('حضور ميخائيل'!$C$7:$C$36,$O20)),"")) -> 0 | Q20: =IF($O20="","",IFERROR(CHOOSE(MATCH($F20,الإعدادات!$B$4:$B$7,0),INDEX('حضور سوريال'!$D$7:$D$36,$O20),INDEX('حضور غبريال'!$D$7:$D$36,$O20),INDEX('حضور رفائيل'!$D$7:$D$36,$O20),INDEX('حضور ميخائيل'!$D$7:$D$36,$O20)),"")) -> 0 | R20: =IF($O20="","",IFERROR(CHOOSE(MATCH($F20,الإعدادات!$B$4:$B$7,0),INDEX('حضور سوريال'!$F$7:$F$36,$O20),INDEX('حضور غبريال'!$F$7:$F$36,$O20),INDEX('حضور رفائيل'!$F$7:$F$36,$O20),INDEX('حضور ميخائيل'!$F$7:$F$36,$O20)),"")) | S20: =IF($O20="","",IFERROR(CHOOSE(MATCH($F20,الإعدادات!$B$4:$B$7,0),INDEX('حضور سوريال'!$G$7:$G$36,$O20),INDEX('حضور غبريال'!$G$7:$G$36,$O20),INDEX('حضور رفائيل'!$G$7:$G$36,$O20),INDEX('حضور ميخائيل'!$G$7:$G$36,$O20)),"")) -> 0 | T20: =IF($O20="","",IFERROR(CHOOSE(MATCH($F20,الإعدادات!$B$4:$B$7,0),INDEX('حضور سوريال'!$H$7:$H$36,$O20),INDEX('حضور غبريال'!$H$7:$H$36,$O20),INDEX('حضور رفائيل'!$H$7:$H$36,$O20),INDEX('حضور ميخائيل'!$H$7:$H$36,$O20)),"")) -> — | U20: =IF($O20="","",IFERROR(CHOOSE(MATCH($F20,الإعدادات!$B$4:$B$7,0),INDEX('حضور سوريال'!$I$7:$I$36,$O20),INDEX('حضور غبريال'!$I$7:$I$36,$O20),INDEX('حضور رفائيل'!$I$7:$I$36,$O20),INDEX('حضور ميخائيل'!$I$7:$I$36,$O20)),"")) -> ⏳ لسه مفيش حضور | V20: =IF($O20="","",IFERROR(CHOOSE(MATCH($F20,الإعدادات!$B$4:$B$7,0),INDEX('حضور سوريال'!$BM$7:$BM$36,$O20),INDEX('حضور غبريال'!$BM$7:$BM$36,$O20),INDEX('حضور رفائيل'!$BM$7:$BM$36,$O20),INDEX('حضور ميخائيل'!$BM$7:$BM$36,$O20)),"")) -> 0 | W20: =IF(OR(V20=3,V20=4),COUNTIFS(V$6:V20,3)+COUNTIFS(V$6:V20,4),"")
A21: =IF(C21="","",ROW()-5) -> 16 | B21: =IF(C21="","","B-"&TEXT(ROW()-5,"000")) -> B-016 | C21: ايرينى ريمون حنا | D21: بنت | E21: سنة تانية | F21: غبريال | G21: لا | H21: 01221026225 | J21: 24 شارع مرزق مرزوق الدور 2 | M21: نشط | N21: =IF(O21="","",F21&"|"&O21) -> غبريال|16 | O21: =IF(OR(C21="",F21=""),"",COUNTIFS(F$6:F21,F21,C$6:C21,"<>")) -> 16 | P21: =IF($O21="","",IFERROR(CHOOSE(MATCH($F21,الإعدادات!$B$4:$B$7,0),INDEX('حضور سوريال'!$C$7:$C$36,$O21),INDEX('حضور غبريال'!$C$7:$C$36,$O21),INDEX('حضور رفائيل'!$C$7:$C$36,$O21),INDEX('حضور ميخائيل'!$C$7:$C$36,$O21)),"")) -> 0 | Q21: =IF($O21="","",IFERROR(CHOOSE(MATCH($F21,الإعدادات!$B$4:$B$7,0),INDEX('حضور سوريال'!$D$7:$D$36,$O21),INDEX('حضور غبريال'!$D$7:$D$36,$O21),INDEX('حضور رفائيل'!$D$7:$D$36,$O21),INDEX('حضور ميخائيل'!$D$7:$D$36,$O21)),"")) -> 0 | R21: =IF($O21="","",IFERROR(CHOOSE(MATCH($F21,الإعدادات!$B$4:$B$7,0),INDEX('حضور سوريال'!$F$7:$F$36,$O21),INDEX('حضور غبريال'!$F$7:$F$36,$O21),INDEX('حضور رفائيل'!$F$7:$F$36,$O21),INDEX('حضور ميخائيل'!$F$7:$F$36,$O21)),"")) | S21: =IF($O21="","",IFERROR(CHOOSE(MATCH($F21,الإعدادات!$B$4:$B$7,0),INDEX('حضور سوريال'!$G$7:$G$36,$O21),INDEX('حضور غبريال'!$G$7:$G$36,$O21),INDEX('حضور رفائيل'!$G$7:$G$36,$O21),INDEX('حضور ميخائيل'!$G$7:$G$36,$O21)),"")) -> 0 | T21: =IF($O21="","",IFERROR(CHOOSE(MATCH($F21,الإعدادات!$B$4:$B$7,0),INDEX('حضور سوريال'!$H$7:$H$36,$O21),INDEX('حضور غبريال'!$H$7:$H$36,$O21),INDEX('حضور رفائيل'!$H$7:$H$36,$O21),INDEX('حضور ميخائيل'!$H$7:$H$36,$O21)),"")) -> — | U21: =IF($O21="","",IFERROR(CHOOSE(MATCH($F21,الإعدادات!$B$4:$B$7,0),INDEX('حضور سوريال'!$I$7:$I$36,$O21),INDEX('حضور غبريال'!$I$7:$I$36,$O21),INDEX('حضور رفائيل'!$I$7:$I$36,$O21),INDEX('حضور ميخائيل'!$I$7:$I$36,$O21)),"")) -> ⏳ لسه مفيش حضور | V21: =IF($O21="","",IFERROR(CHOOSE(MATCH($F21,الإعدادات!$B$4:$B$7,0),INDEX('حضور سوريال'!$BM$7:$BM$36,$O21),INDEX('حضور غبريال'!$BM$7:$BM$36,$O21),INDEX('حضور رفائيل'!$BM$7:$BM$36,$O21),INDEX('حضور ميخائيل'!$BM$7:$BM$36,$O21)),"")) -> 0 | W21: =IF(OR(V21=3,V21=4),COUNTIFS(V$6:V21,3)+COUNTIFS(V$6:V21,4),"")
A22: =IF(C22="","",ROW()-5) -> 17 | B22: =IF(C22="","","B-"&TEXT(ROW()-5,"000")) -> B-017 | C22: يوستينا سامي عريان سامى فرج | D22: بنت | E22: سنة تانية | F22: غبريال | G22: لا | H22: 01270302120 | J22: 10 شارع عطية عبد اللطيف - شقة 2 الدور 2 | M22: نشط | N22: =IF(O22="","",F22&"|"&O22) -> غبريال|17 | O22: =IF(OR(C22="",F22=""),"",COUNTIFS(F$6:F22,F22,C$6:C22,"<>")) -> 17 | P22: =IF($O22="","",IFERROR(CHOOSE(MATCH($F22,الإعدادات!$B$4:$B$7,0),INDEX('حضور سوريال'!$C$7:$C$36,$O22),INDEX('حضور غبريال'!$C$7:$C$36,$O22),INDEX('حضور رفائيل'!$C$7:$C$36,$O22),INDEX('حضور ميخائيل'!$C$7:$C$36,$O22)),"")) -> 0 | Q22: =IF($O22="","",IFERROR(CHOOSE(MATCH($F22,الإعدادات!$B$4:$B$7,0),INDEX('حضور سوريال'!$D$7:$D$36,$O22),INDEX('حضور غبريال'!$D$7:$D$36,$O22),INDEX('حضور رفائيل'!$D$7:$D$36,$O22),INDEX('حضور ميخائيل'!$D$7:$D$36,$O22)),"")) -> 0 | R22: =IF($O22="","",IFERROR(CHOOSE(MATCH($F22,الإعدادات!$B$4:$B$7,0),INDEX('حضور سوريال'!$F$7:$F$36,$O22),INDEX('حضور غبريال'!$F$7:$F$36,$O22),INDEX('حضور رفائيل'!$F$7:$F$36,$O22),INDEX('حضور ميخائيل'!$F$7:$F$36,$O22)),"")) | S22: =IF($O22="","",IFERROR(CHOOSE(MATCH($F22,الإعدادات!$B$4:$B$7,0),INDEX('حضور سوريال'!$G$7:$G$36,$O22),INDEX('حضور غبريال'!$G$7:$G$36,$O22),INDEX('حضور رفائيل'!$G$7:$G$36,$O22),INDEX('حضور ميخائيل'!$G$7:$G$36,$O22)),"")) -> 0 | T22: =IF($O22="","",IFERROR(CHOOSE(MATCH($F22,الإعدادات!$B$4:$B$7,0),INDEX('حضور سوريال'!$H$7:$H$36,$O22),INDEX('حضور غبريال'!$H$7:$H$36,$O22),INDEX('حضور رفائيل'!$H$7:$H$36,$O22),INDEX('حضور ميخائيل'!$H$7:$H$36,$O22)),"")) -> — | U22: =IF($O22="","",IFERROR(CHOOSE(MATCH($F22,الإعدادات!$B$4:$B$7,0),INDEX('حضور سوريال'!$I$7:$I$36,$O22),INDEX('حضور غبريال'!$I$7:$I$36,$O22),INDEX('حضور رفائيل'!$I$7:$I$36,$O22),INDEX('حضور ميخائيل'!$I$7:$I$36,$O22)),"")) -> ⏳ لسه مفيش حضور | V22: =IF($O22="","",IFERROR(CHOOSE(MATCH($F22,الإعدادات!$B$4:$B$7,0),INDEX('حضور سوريال'!$BM$7:$BM$36,$O22),INDEX('حضور غبريال'!$BM$7:$BM$36,$O22),INDEX('حضور رفائيل'!$BM$7:$BM$36,$O22),INDEX('حضور ميخائيل'!$BM$7:$BM$36,$O22)),"")) -> 0 | W22: =IF(OR(V22=3,V22=4),COUNTIFS(V$6:V22,3)+COUNTIFS(V$6:V22,4),"")
A23: =IF(C23="","",ROW()-5) -> 18 | B23: =IF(C23="","","B-"&TEXT(ROW()-5,"000")) -> B-018 | C23: مارتينوس مايكل ميشيل | D23: ولد | E23: سنة تانية | F23: غبريال | G23: لا | H23: 01224857003 | J23: 13 شارع منطقة أ - شقة 1 الدور 1 | M23: نشط | N23: =IF(O23="","",F23&"|"&O23) -> غبريال|18 | O23: =IF(OR(C23="",F23=""),"",COUNTIFS(F$6:F23,F23,C$6:C23,"<>")) -> 18 | P23: =IF($O23="","",IFERROR(CHOOSE(MATCH($F23,الإعدادات!$B$4:$B$7,0),INDEX('حضور سوريال'!$C$7:$C$36,$O23),INDEX('حضور غبريال'!$C$7:$C$36,$O23),INDEX('حضور رفائيل'!$C$7:$C$36,$O23),INDEX('حضور ميخائيل'!$C$7:$C$36,$O23)),"")) -> 0 | Q23: =IF($O23="","",IFERROR(CHOOSE(MATCH($F23,الإعدادات!$B$4:$B$7,0),INDEX('حضور سوريال'!$D$7:$D$36,$O23),INDEX('حضور غبريال'!$D$7:$D$36,$O23),INDEX('حضور رفائيل'!$D$7:$D$36,$O23),INDEX('حضور ميخائيل'!$D$7:$D$36,$O23)),"")) -> 0 | R23: =IF($O23="","",IFERROR(CHOOSE(MATCH($F23,الإعدادات!$B$4:$B$7,0),INDEX('حضور سوريال'!$F$7:$F$36,$O23),INDEX('حضور غبريال'!$F$7:$F$36,$O23),INDEX('حضور رفائيل'!$F$7:$F$36,$O23),INDEX('حضور ميخائيل'!$F$7:$F$36,$O23)),"")) | S23: =IF($O23="","",IFERROR(CHOOSE(MATCH($F23,الإعدادات!$B$4:$B$7,0),INDEX('حضور سوريال'!$G$7:$G$36,$O23),INDEX('حضور غبريال'!$G$7:$G$36,$O23),INDEX('حضور رفائيل'!$G$7:$G$36,$O23),INDEX('حضور ميخائيل'!$G$7:$G$36,$O23)),"")) -> 0 | T23: =IF($O23="","",IFERROR(CHOOSE(MATCH($F23,الإعدادات!$B$4:$B$7,0),INDEX('حضور سوريال'!$H$7:$H$36,$O23),INDEX('حضور غبريال'!$H$7:$H$36,$O23),INDEX('حضور رفائيل'!$H$7:$H$36,$O23),INDEX('حضور ميخائيل'!$H$7:$H$36,$O23)),"")) -> — | U23: =IF($O23="","",IFERROR(CHOOSE(MATCH($F23,الإعدادات!$B$4:$B$7,0),INDEX('حضور سوريال'!$I$7:$I$36,$O23),INDEX('حضور غبريال'!$I$7:$I$36,$O23),INDEX('حضور رفائيل'!$I$7:$I$36,$O23),INDEX('حضور ميخائيل'!$I$7:$I$36,$O23)),"")) -> ⏳ لسه مفيش حضور | V23: =IF($O23="","",IFERROR(CHOOSE(MATCH($F23,الإعدادات!$B$4:$B$7,0),INDEX('حضور سوريال'!$BM$7:$BM$36,$O23),INDEX('حضور غبريال'!$BM$7:$BM$36,$O23),INDEX('حضور رفائيل'!$BM$7:$BM$36,$O23),INDEX('حضور ميخائيل'!$BM$7:$BM$36,$O23)),"")) -> 0 | W23: =IF(OR(V23=3,V23=4),COUNTIFS(V$6:V23,3)+COUNTIFS(V$6:V23,4),"")
A24: =IF(C24="","",ROW()-5) -> 19 | B24: =IF(C24="","","B-"&TEXT(ROW()-5,"000")) -> B-019 | C24: جونير بسام نصرى مكرم | D24: بنت | E24: سنة تانية | F24: غبريال | G24: لا | H24: 01273998657 | J24: 843 شارع بورسعيد - شقة 4 الدور 2 - مدخل الشونة | K24: #VALUE! | M24: نشط | N24: =IF(O24="","",F24&"|"&O24) -> غبريال|19 | O24: =IF(OR(C24="",F24=""),"",COUNTIFS(F$6:F24,F24,C$6:C24,"<>")) -> 19 | P24: =IF($O24="","",IFERROR(CHOOSE(MATCH($F24,الإعدادات!$B$4:$B$7,0),INDEX('حضور سوريال'!$C$7:$C$36,$O24),INDEX('حضور غبريال'!$C$7:$C$36,$O24),INDEX('حضور رفائيل'!$C$7:$C$36,$O24),INDEX('حضور ميخائيل'!$C$7:$C$36,$O24)),"")) -> 0 | Q24: =IF($O24="","",IFERROR(CHOOSE(MATCH($F24,الإعدادات!$B$4:$B$7,0),INDEX('حضور سوريال'!$D$7:$D$36,$O24),INDEX('حضور غبريال'!$D$7:$D$36,$O24),INDEX('حضور رفائيل'!$D$7:$D$36,$O24),INDEX('حضور ميخائيل'!$D$7:$D$36,$O24)),"")) -> 0 | R24: =IF($O24="","",IFERROR(CHOOSE(MATCH($F24,الإعدادات!$B$4:$B$7,0),INDEX('حضور سوريال'!$F$7:$F$36,$O24),INDEX('حضور غبريال'!$F$7:$F$36,$O24),INDEX('حضور رفائيل'!$F$7:$F$36,$O24),INDEX('حضور ميخائيل'!$F$7:$F$36,$O24)),"")) | S24: =IF($O24="","",IFERROR(CHOOSE(MATCH($F24,الإعدادات!$B$4:$B$7,0),INDEX('حضور سوريال'!$G$7:$G$36,$O24),INDEX('حضور غبريال'!$G$7:$G$36,$O24),INDEX('حضور رفائيل'!$G$7:$G$36,$O24),INDEX('حضور ميخائيل'!$G$7:$G$36,$O24)),"")) -> 0 | T24: =IF($O24="","",IFERROR(CHOOSE(MATCH($F24,الإعدادات!$B$4:$B$7,0),INDEX('حضور سوريال'!$H$7:$H$36,$O24),INDEX('حضور غبريال'!$H$7:$H$36,$O24),INDEX('حضور رفائيل'!$H$7:$H$36,$O24),INDEX('حضور ميخائيل'!$H$7:$H$36,$O24)),"")) -> — | U24: =IF($O24="","",IFERROR(CHOOSE(MATCH($F24,الإعدادات!$B$4:$B$7,0),INDEX('حضور سوريال'!$I$7:$I$36,$O24),INDEX('حضور غبريال'!$I$7:$I$36,$O24),INDEX('حضور رفائيل'!$I$7:$I$36,$O24),INDEX('حضور ميخائيل'!$I$7:$I$36,$O24)),"")) -> ⏳ لسه مفيش حضور | V24: =IF($O24="","",IFERROR(CHOOSE(MATCH($F24,الإعدادات!$B$4:$B$7,0),INDEX('حضور سوريال'!$BM$7:$BM$36,$O24),INDEX('حضور غبريال'!$BM$7:$BM$36,$O24),INDEX('حضور رفائيل'!$BM$7:$BM$36,$O24),INDEX('حضور ميخائيل'!$BM$7:$BM$36,$O24)),"")) -> 0 | W24: =IF(OR(V24=3,V24=4),COUNTIFS(V$6:V24,3)+COUNTIFS(V$6:V24,4),"")
A25: =IF(C25="","",ROW()-5) -> 20 | B25: =IF(C25="","","B-"&TEXT(ROW()-5,"000")) -> B-020 | C25: مريم عماد زارع | D25: بنت | E25: سنة تانية | F25: غبريال | G25: لا | H25: 01206191722 | J25: 44 شارع ترعة حمزة - شقة 1 الدور 3 - فوق صيدليه عماد بعد الارضى الشقة شمال السلم | K25: #VALUE! | M25: نشط | N25: =IF(O25="","",F25&"|"&O25) -> غبريال|20 | O25: =IF(OR(C25="",F25=""),"",COUNTIFS(F$6:F25,F25,C$6:C25,"<>")) -> 20 | P25: =IF($O25="","",IFERROR(CHOOSE(MATCH($F25,الإعدادات!$B$4:$B$7,0),INDEX('حضور سوريال'!$C$7:$C$36,$O25),INDEX('حضور غبريال'!$C$7:$C$36,$O25),INDEX('حضور رفائيل'!$C$7:$C$36,$O25),INDEX('حضور ميخائيل'!$C$7:$C$36,$O25)),"")) -> 0 | Q25: =IF($O25="","",IFERROR(CHOOSE(MATCH($F25,الإعدادات!$B$4:$B$7,0),INDEX('حضور سوريال'!$D$7:$D$36,$O25),INDEX('حضور غبريال'!$D$7:$D$36,$O25),INDEX('حضور رفائيل'!$D$7:$D$36,$O25),INDEX('حضور ميخائيل'!$D$7:$D$36,$O25)),"")) -> 0 | R25: =IF($O25="","",IFERROR(CHOOSE(MATCH($F25,الإعدادات!$B$4:$B$7,0),INDEX('حضور سوريال'!$F$7:$F$36,$O25),INDEX('حضور غبريال'!$F$7:$F$36,$O25),INDEX('حضور رفائيل'!$F$7:$F$36,$O25),INDEX('حضور ميخائيل'!$F$7:$F$36,$O25)),"")) | S25: =IF($O25="","",IFERROR(CHOOSE(MATCH($F25,الإعدادات!$B$4:$B$7,0),INDEX('حضور سوريال'!$G$7:$G$36,$O25),INDEX('حضور غبريال'!$G$7:$G$36,$O25),INDEX('حضور رفائيل'!$G$7:$G$36,$O25),INDEX('حضور ميخائيل'!$G$7:$G$36,$O25)),"")) -> 0 | T25: =IF($O25="","",IFERROR(CHOOSE(MATCH($F25,الإعدادات!$B$4:$B$7,0),INDEX('حضور سوريال'!$H$7:$H$36,$O25),INDEX('حضور غبريال'!$H$7:$H$36,$O25),INDEX('حضور رفائيل'!$H$7:$H$36,$O25),INDEX('حضور ميخائيل'!$H$7:$H$36,$O25)),"")) -> — | U25: =IF($O25="","",IFERROR(CHOOSE(MATCH($F25,الإعدادات!$B$4:$B$7,0),INDEX('حضور سوريال'!$I$7:$I$36,$O25),INDEX('حضور غبريال'!$I$7:$I$36,$O25),INDEX('حضور رفائيل'!$I$7:$I$36,$O25),INDEX('حضور ميخائيل'!$I$7:$I$36,$O25)),"")) -> ⏳ لسه مفيش حضور | V25: =IF($O25="","",IFERROR(CHOOSE(MATCH($F25,الإعدادات!$B$4:$B$7,0),INDEX('حضور سوريال'!$BM$7:$BM$36,$O25),INDEX('حضور غبريال'!$BM$7:$BM$36,$O25),INDEX('حضور رفائيل'!$BM$7:$BM$36,$O25),INDEX('حضور ميخائيل'!$BM$7:$BM$36,$O25)),"")) -> 0 | W25: =IF(OR(V25=3,V25=4),COUNTIFS(V$6:V25,3)+COUNTIFS(V$6:V25,4),"")
A26: =IF(C26="","",ROW()-5) -> 21 | B26: =IF(C26="","","B-"&TEXT(ROW()-5,"000")) -> B-021 | C26: ماروسكا ميشيل ثروت | D26: بنت | E26: سنة تانية | F26: غبريال | G26: لا | H26: 01206111792 | J26: 4 شارع خاتم المرسلين - الدور 5 | K26: #VALUE! | M26: نشط | N26: =IF(O26="","",F26&"|"&O26) -> غبريال|21 | O26: =IF(OR(C26="",F26=""),"",COUNTIFS(F$6:F26,F26,C$6:C26,"<>")) -> 21 | P26: =IF($O26="","",IFERROR(CHOOSE(MATCH($F26,الإعدادات!$B$4:$B$7,0),INDEX('حضور سوريال'!$C$7:$C$36,$O26),INDEX('حضور غبريال'!$C$7:$C$36,$O26),INDEX('حضور رفائيل'!$C$7:$C$36,$O26),INDEX('حضور ميخائيل'!$C$7:$C$36,$O26)),"")) -> 0 | Q26: =IF($O26="","",IFERROR(CHOOSE(MATCH($F26,الإعدادات!$B$4:$B$7,0),INDEX('حضور سوريال'!$D$7:$D$36,$O26),INDEX('حضور غبريال'!$D$7:$D$36,$O26),INDEX('حضور رفائيل'!$D$7:$D$36,$O26),INDEX('حضور ميخائيل'!$D$7:$D$36,$O26)),"")) -> 0 | R26: =IF($O26="","",IFERROR(CHOOSE(MATCH($F26,الإعدادات!$B$4:$B$7,0),INDEX('حضور سوريال'!$F$7:$F$36,$O26),INDEX('حضور غبريال'!$F$7:$F$36,$O26),INDEX('حضور رفائيل'!$F$7:$F$36,$O26),INDEX('حضور ميخائيل'!$F$7:$F$36,$O26)),"")) | S26: =IF($O26="","",IFERROR(CHOOSE(MATCH($F26,الإعدادات!$B$4:$B$7,0),INDEX('حضور سوريال'!$G$7:$G$36,$O26),INDEX('حضور غبريال'!$G$7:$G$36,$O26),INDEX('حضور رفائيل'!$G$7:$G$36,$O26),INDEX('حضور ميخائيل'!$G$7:$G$36,$O26)),"")) -> 0 | T26: =IF($O26="","",IFERROR(CHOOSE(MATCH($F26,الإعدادات!$B$4:$B$7,0),INDEX('حضور سوريال'!$H$7:$H$36,$O26),INDEX('حضور غبريال'!$H$7:$H$36,$O26),INDEX('حضور رفائيل'!$H$7:$H$36,$O26),INDEX('حضور ميخائيل'!$H$7:$H$36,$O26)),"")) -> — | U26: =IF($O26="","",IFERROR(CHOOSE(MATCH($F26,الإعدادات!$B$4:$B$7,0),INDEX('حضور سوريال'!$I$7:$I$36,$O26),INDEX('حضور غبريال'!$I$7:$I$36,$O26),INDEX('حضور رفائيل'!$I$7:$I$36,$O26),INDEX('حضور ميخائيل'!$I$7:$I$36,$O26)),"")) -> ⏳ لسه مفيش حضور | V26: =IF($O26="","",IFERROR(CHOOSE(MATCH($F26,الإعدادات!$B$4:$B$7,0),INDEX('حضور سوريال'!$BM$7:$BM$36,$O26),INDEX('حضور غبريال'!$BM$7:$BM$36,$O26),INDEX('حضور رفائيل'!$BM$7:$BM$36,$O26),INDEX('حضور ميخائيل'!$BM$7:$BM$36,$O26)),"")) -> 0 | W26: =IF(OR(V26=3,V26=4),COUNTIFS(V$6:V26,3)+COUNTIFS(V$6:V26,4),"")
A27: =IF(C27="","",ROW()-5) -> 22 | B27: =IF(C27="","","B-"&TEXT(ROW()-5,"000")) -> B-022 | C27: بيرلا مايكل خليل | D27: بنت | E27: سنة تانية | F27: غبريال | G27: لا | H27: 01210949273 | J27: 3 شارع عمرو عبد العزيز - شقة 1 الدور 1 | K27: #VALUE! | M27: نشط | N27: =IF(O27="","",F27&"|"&O27) -> غبريال|22 | O27: =IF(OR(C27="",F27=""),"",COUNTIFS(F$6:F27,F27,C$6:C27,"<>")) -> 22 | P27: =IF($O27="","",IFERROR(CHOOSE(MATCH($F27,الإعدادات!$B$4:$B$7,0),INDEX('حضور سوريال'!$C$7:$C$36,$O27),INDEX('حضور غبريال'!$C$7:$C$36,$O27),INDEX('حضور رفائيل'!$C$7:$C$36,$O27),INDEX('حضور ميخائيل'!$C$7:$C$36,$O27)),"")) -> 0 | Q27: =IF($O27="","",IFERROR(CHOOSE(MATCH($F27,الإعدادات!$B$4:$B$7,0),INDEX('حضور سوريال'!$D$7:$D$36,$O27),INDEX('حضور غبريال'!$D$7:$D$36,$O27),INDEX('حضور رفائيل'!$D$7:$D$36,$O27),INDEX('حضور ميخائيل'!$D$7:$D$36,$O27)),"")) -> 0 | R27: =IF($O27="","",IFERROR(CHOOSE(MATCH($F27,الإعدادات!$B$4:$B$7,0),INDEX('حضور سوريال'!$F$7:$F$36,$O27),INDEX('حضور غبريال'!$F$7:$F$36,$O27),INDEX('حضور رفائيل'!$F$7:$F$36,$O27),INDEX('حضور ميخائيل'!$F$7:$F$36,$O27)),"")) | S27: =IF($O27="","",IFERROR(CHOOSE(MATCH($F27,الإعدادات!$B$4:$B$7,0),INDEX('حضور سوريال'!$G$7:$G$36,$O27),INDEX('حضور غبريال'!$G$7:$G$36,$O27),INDEX('حضور رفائيل'!$G$7:$G$36,$O27),INDEX('حضور ميخائيل'!$G$7:$G$36,$O27)),"")) -> 0 | T27: =IF($O27="","",IFERROR(CHOOSE(MATCH($F27,الإعدادات!$B$4:$B$7,0),INDEX('حضور سوريال'!$H$7:$H$36,$O27),INDEX('حضور غبريال'!$H$7:$H$36,$O27),INDEX('حضور رفائيل'!$H$7:$H$36,$O27),INDEX('حضور ميخائيل'!$H$7:$H$36,$O27)),"")) -> — | U27: =IF($O27="","",IFERROR(CHOOSE(MATCH($F27,الإعدادات!$B$4:$B$7,0),INDEX('حضور سوريال'!$I$7:$I$36,$O27),INDEX('حضور غبريال'!$I$7:$I$36,$O27),INDEX('حضور رفائيل'!$I$7:$I$36,$O27),INDEX('حضور ميخائيل'!$I$7:$I$36,$O27)),"")) -> ⏳ لسه مفيش حضور | V27: =IF($O27="","",IFERROR(CHOOSE(MATCH($F27,الإعدادات!$B$4:$B$7,0),INDEX('حضور سوريال'!$BM$7:$BM$36,$O27),INDEX('حضور غبريال'!$BM$7:$BM$36,$O27),INDEX('حضور رفائيل'!$BM$7:$BM$36,$O27),INDEX('حضور ميخائيل'!$BM$7:$BM$36,$O27)),"")) -> 0 | W27: =IF(OR(V27=3,V27=4),COUNTIFS(V$6:V27,3)+COUNTIFS(V$6:V27,4),"")
A28: =IF(C28="","",ROW()-5) -> 23 | B28: =IF(C28="","","B-"&TEXT(ROW()-5,"000")) -> B-023 | C28: مورين مينا عوض | D28: بنت | E28: سنة تانية | F28: غبريال | G28: لا | H28: 01227989278 | J28: 23 شارع أحمد رفاعى - شقة 1 - الارضى - مورين و انجى مع عائلة الجد مكرم حبيب بقطر فى نفس الشقة | M28: نشط | N28: =IF(O28="","",F28&"|"&O28) -> غبريال|23 | O28: =IF(OR(C28="",F28=""),"",COUNTIFS(F$6:F28,F28,C$6:C28,"<>")) -> 23 | P28: =IF($O28="","",IFERROR(CHOOSE(MATCH($F28,الإعدادات!$B$4:$B$7,0),INDEX('حضور سوريال'!$C$7:$C$36,$O28),INDEX('حضور غبريال'!$C$7:$C$36,$O28),INDEX('حضور رفائيل'!$C$7:$C$36,$O28),INDEX('حضور ميخائيل'!$C$7:$C$36,$O28)),"")) -> 0 | Q28: =IF($O28="","",IFERROR(CHOOSE(MATCH($F28,الإعدادات!$B$4:$B$7,0),INDEX('حضور سوريال'!$D$7:$D$36,$O28),INDEX('حضور غبريال'!$D$7:$D$36,$O28),INDEX('حضور رفائيل'!$D$7:$D$36,$O28),INDEX('حضور ميخائيل'!$D$7:$D$36,$O28)),"")) -> 0 | R28: =IF($O28="","",IFERROR(CHOOSE(MATCH($F28,الإعدادات!$B$4:$B$7,0),INDEX('حضور سوريال'!$F$7:$F$36,$O28),INDEX('حضور غبريال'!$F$7:$F$36,$O28),INDEX('حضور رفائيل'!$F$7:$F$36,$O28),INDEX('حضور ميخائيل'!$F$7:$F$36,$O28)),"")) | S28: =IF($O28="","",IFERROR(CHOOSE(MATCH($F28,الإعدادات!$B$4:$B$7,0),INDEX('حضور سوريال'!$G$7:$G$36,$O28),INDEX('حضور غبريال'!$G$7:$G$36,$O28),INDEX('حضور رفائيل'!$G$7:$G$36,$O28),INDEX('حضور ميخائيل'!$G$7:$G$36,$O28)),"")) -> 0 | T28: =IF($O28="","",IFERROR(CHOOSE(MATCH($F28,الإعدادات!$B$4:$B$7,0),INDEX('حضور سوريال'!$H$7:$H$36,$O28),INDEX('حضور غبريال'!$H$7:$H$36,$O28),INDEX('حضور رفائيل'!$H$7:$H$36,$O28),INDEX('حضور ميخائيل'!$H$7:$H$36,$O28)),"")) -> — | U28: =IF($O28="","",IFERROR(CHOOSE(MATCH($F28,الإعدادات!$B$4:$B$7,0),INDEX('حضور سوريال'!$I$7:$I$36,$O28),INDEX('حضور غبريال'!$I$7:$I$36,$O28),INDEX('حضور رفائيل'!$I$7:$I$36,$O28),INDEX('حضور ميخائيل'!$I$7:$I$36,$O28)),"")) -> ⏳ لسه مفيش حضور | V28: =IF($O28="","",IFERROR(CHOOSE(MATCH($F28,الإعدادات!$B$4:$B$7,0),INDEX('حضور سوريال'!$BM$7:$BM$36,$O28),INDEX('حضور غبريال'!$BM$7:$BM$36,$O28),INDEX('حضور رفائيل'!$BM$7:$BM$36,$O28),INDEX('حضور ميخائيل'!$BM$7:$BM$36,$O28)),"")) -> 0 | W28: =IF(OR(V28=3,V28=4),COUNTIFS(V$6:V28,3)+COUNTIFS(V$6:V28,4),"")
A29: =IF(C29="","",ROW()-5) -> 24 | B29: =IF(C29="","","B-"&TEXT(ROW()-5,"000")) -> B-024 | C29: كارين وليم منير | D29: بنت | E29: سنة تانية | F29: غبريال | G29: لا | H29: 01227429046 | J29: 3 شارع قباء - شقة 3 الدور 3 - اخر مختار اباظة - قباء | M29: نشط | N29: =IF(O29="","",F29&"|"&O29) -> غبريال|24 | O29: =IF(OR(C29="",F29=""),"",COUNTIFS(F$6:F29,F29,C$6:C29,"<>")) -> 24 | P29: =IF($O29="","",IFERROR(CHOOSE(MATCH($F29,الإعدادات!$B$4:$B$7,0),INDEX('حضور سوريال'!$C$7:$C$36,$O29),INDEX('حضور غبريال'!$C$7:$C$36,$O29),INDEX('حضور رفائيل'!$C$7:$C$36,$O29),INDEX('حضور ميخائيل'!$C$7:$C$36,$O29)),"")) -> 0 | Q29: =IF($O29="","",IFERROR(CHOOSE(MATCH($F29,الإعدادات!$B$4:$B$7,0),INDEX('حضور سوريال'!$D$7:$D$36,$O29),INDEX('حضور غبريال'!$D$7:$D$36,$O29),INDEX('حضور رفائيل'!$D$7:$D$36,$O29),INDEX('حضور ميخائيل'!$D$7:$D$36,$O29)),"")) -> 0 | R29: =IF($O29="","",IFERROR(CHOOSE(MATCH($F29,الإعدادات!$B$4:$B$7,0),INDEX('حضور سوريال'!$F$7:$F$36,$O29),INDEX('حضور غبريال'!$F$7:$F$36,$O29),INDEX('حضور رفائيل'!$F$7:$F$36,$O29),INDEX('حضور ميخائيل'!$F$7:$F$36,$O29)),"")) | S29: =IF($O29="","",IFERROR(CHOOSE(MATCH($F29,الإعدادات!$B$4:$B$7,0),INDEX('حضور سوريال'!$G$7:$G$36,$O29),INDEX('حضور غبريال'!$G$7:$G$36,$O29),INDEX('حضور رفائيل'!$G$7:$G$36,$O29),INDEX('حضور ميخائيل'!$G$7:$G$36,$O29)),"")) -> 0 | T29: =IF($O29="","",IFERROR(CHOOSE(MATCH($F29,الإعدادات!$B$4:$B$7,0),INDEX('حضور سوريال'!$H$7:$H$36,$O29),INDEX('حضور غبريال'!$H$7:$H$36,$O29),INDEX('حضور رفائيل'!$H$7:$H$36,$O29),INDEX('حضور ميخائيل'!$H$7:$H$36,$O29)),"")) -> — | U29: =IF($O29="","",IFERROR(CHOOSE(MATCH($F29,الإعدادات!$B$4:$B$7,0),INDEX('حضور سوريال'!$I$7:$I$36,$O29),INDEX('حضور غبريال'!$I$7:$I$36,$O29),INDEX('حضور رفائيل'!$I$7:$I$36,$O29),INDEX('حضور ميخائيل'!$I$7:$I$36,$O29)),"")) -> ⏳ لسه مفيش حضور | V29: =IF($O29="","",IFERROR(CHOOSE(MATCH($F29,الإعدادات!$B$4:$B$7,0),INDEX('حضور سوريال'!$BM$7:$BM$36,$O29),INDEX('حضور غبريال'!$BM$7:$BM$36,$O29),INDEX('حضور رفائيل'!$BM$7:$BM$36,$O29),INDEX('حضور ميخائيل'!$BM$7:$BM$36,$O29)),"")) -> 0 | W29: =IF(OR(V29=3,V29=4),COUNTIFS(V$6:V29,3)+COUNTIFS(V$6:V29,4),"")
A30: =IF(C30="","",ROW()-5) -> 25 | B30: =IF(C30="","","B-"&TEXT(ROW()-5,"000")) -> B-025 | C30: بارثينيا اسحق جرجس نادى | D30: بنت | E30: سنة تانية | F30: سوريال | G30: لا | H30: 01287576432 | I30: 01287576432 | J30: 5 شارع صليب نخلة، المليحة، حدائق القبة، القاهرة؛ شقة 9، الدور 2 | K30: #VALUE! | M30: نشط | N30: =IF(O30="","",F30&"|"&O30) -> سوريال|1 | O30: =IF(OR(C30="",F30=""),"",COUNTIFS(F$6:F30,F30,C$6:C30,"<>")) -> 1 | P30: =IF($O30="","",IFERROR(CHOOSE(MATCH($F30,الإعدادات!$B$4:$B$7,0),INDEX('حضور سوريال'!$C$7:$C$36,$O30),INDEX('حضور غبريال'!$C$7:$C$36,$O30),INDEX('حضور رفائيل'!$C$7:$C$36,$O30),INDEX('حضور ميخائيل'!$C$7:$C$36,$O30)),"")) -> 0 | Q30: =IF($O30="","",IFERROR(CHOOSE(MATCH($F30,الإعدادات!$B$4:$B$7,0),INDEX('حضور سوريال'!$D$7:$D$36,$O30),INDEX('حضور غبريال'!$D$7:$D$36,$O30),INDEX('حضور رفائيل'!$D$7:$D$36,$O30),INDEX('حضور ميخائيل'!$D$7:$D$36,$O30)),"")) -> 0 | R30: =IF($O30="","",IFERROR(CHOOSE(MATCH($F30,الإعدادات!$B$4:$B$7,0),INDEX('حضور سوريال'!$F$7:$F$36,$O30),INDEX('حضور غبريال'!$F$7:$F$36,$O30),INDEX('حضور رفائيل'!$F$7:$F$36,$O30),INDEX('حضور ميخائيل'!$F$7:$F$36,$O30)),"")) | S30: =IF($O30="","",IFERROR(CHOOSE(MATCH($F30,الإعدادات!$B$4:$B$7,0),INDEX('حضور سوريال'!$G$7:$G$36,$O30),INDEX('حضور غبريال'!$G$7:$G$36,$O30),INDEX('حضور رفائيل'!$G$7:$G$36,$O30),INDEX('حضور ميخائيل'!$G$7:$G$36,$O30)),"")) -> 0 | T30: =IF($O30="","",IFERROR(CHOOSE(MATCH($F30,الإعدادات!$B$4:$B$7,0),INDEX('حضور سوريال'!$H$7:$H$36,$O30),INDEX('حضور غبريال'!$H$7:$H$36,$O30),INDEX('حضور رفائيل'!$H$7:$H$36,$O30),INDEX('حضور ميخائيل'!$H$7:$H$36,$O30)),"")) -> — | U30: =IF($O30="","",IFERROR(CHOOSE(MATCH($F30,الإعدادات!$B$4:$B$7,0),INDEX('حضور سوريال'!$I$7:$I$36,$O30),INDEX('حضور غبريال'!$I$7:$I$36,$O30),INDEX('حضور رفائيل'!$I$7:$I$36,$O30),INDEX('حضور ميخائيل'!$I$7:$I$36,$O30)),"")) -> ⏳ لسه مفيش حضور | V30: =IF($O30="","",IFERROR(CHOOSE(MATCH($F30,الإعدادات!$B$4:$B$7,0),INDEX('حضور سوريال'!$BM$7:$BM$36,$O30),INDEX('حضور غبريال'!$BM$7:$BM$36,$O30),INDEX('حضور رفائيل'!$BM$7:$BM$36,$O30),INDEX('حضور ميخائيل'!$BM$7:$BM$36,$O30)),"")) -> 0 | W30: =IF(OR(V30=3,V30=4),COUNTIFS(V$6:V30,3)+COUNTIFS(V$6:V30,4),"")
A31: =IF(C31="","",ROW()-5) -> 26 | B31: =IF(C31="","","B-"&TEXT(ROW()-5,"000")) -> B-026 | C31: ادم يوسف يعقوب فهمى عزيز | D31: ولد | E31: سنة تانية | F31: سوريال | G31: لا | H31: 01277715819 | I31: 01277715819 | J31: 7 شارع حامد رضوان، المليحة، حدائق القبة، القاهرة؛ شقة 8، الدور 5 | M31: نشط | N31: =IF(O31="","",F31&"|"&O31) -> سوريال|2 | O31: =IF(OR(C31="",F31=""),"",COUNTIFS(F$6:F31,F31,C$6:C31,"<>")) -> 2 | P31: =IF($O31="","",IFERROR(CHOOSE(MATCH($F31,الإعدادات!$B$4:$B$7,0),INDEX('حضور سوريال'!$C$7:$C$36,$O31),INDEX('حضور غبريال'!$C$7:$C$36,$O31),INDEX('حضور رفائيل'!$C$7:$C$36,$O31),INDEX('حضور ميخائيل'!$C$7:$C$36,$O31)),"")) -> 0 | Q31: =IF($O31="","",IFERROR(CHOOSE(MATCH($F31,الإعدادات!$B$4:$B$7,0),INDEX('حضور سوريال'!$D$7:$D$36,$O31),INDEX('حضور غبريال'!$D$7:$D$36,$O31),INDEX('حضور رفائيل'!$D$7:$D$36,$O31),INDEX('حضور ميخائيل'!$D$7:$D$36,$O31)),"")) -> 0 | R31: =IF($O31="","",IFERROR(CHOOSE(MATCH($F31,الإعدادات!$B$4:$B$7,0),INDEX('حضور سوريال'!$F$7:$F$36,$O31),INDEX('حضور غبريال'!$F$7:$F$36,$O31),INDEX('حضور رفائيل'!$F$7:$F$36,$O31),INDEX('حضور ميخائيل'!$F$7:$F$36,$O31)),"")) | S31: =IF($O31="","",IFERROR(CHOOSE(MATCH($F31,الإعدادات!$B$4:$B$7,0),INDEX('حضور سوريال'!$G$7:$G$36,$O31),INDEX('حضور غبريال'!$G$7:$G$36,$O31),INDEX('حضور رفائيل'!$G$7:$G$36,$O31),INDEX('حضور ميخائيل'!$G$7:$G$36,$O31)),"")) -> 0 | T31: =IF($O31="","",IFERROR(CHOOSE(MATCH($F31,الإعدادات!$B$4:$B$7,0),INDEX('حضور سوريال'!$H$7:$H$36,$O31),INDEX('حضور غبريال'!$H$7:$H$36,$O31),INDEX('حضور رفائيل'!$H$7:$H$36,$O31),INDEX('حضور ميخائيل'!$H$7:$H$36,$O31)),"")) -> — | U31: =IF($O31="","",IFERROR(CHOOSE(MATCH($F31,الإعدادات!$B$4:$B$7,0),INDEX('حضور سوريال'!$I$7:$I$36,$O31),INDEX('حضور غبريال'!$I$7:$I$36,$O31),INDEX('حضور رفائيل'!$I$7:$I$36,$O31),INDEX('حضور ميخائيل'!$I$7:$I$36,$O31)),"")) -> ⏳ لسه مفيش حضور | V31: =IF($O31="","",IFERROR(CHOOSE(MATCH($F31,الإعدادات!$B$4:$B$7,0),INDEX('حضور سوريال'!$BM$7:$BM$36,$O31),INDEX('حضور غبريال'!$BM$7:$BM$36,$O31),INDEX('حضور رفائيل'!$BM$7:$BM$36,$O31),INDEX('حضور ميخائيل'!$BM$7:$BM$36,$O31)),"")) -> 0 | W31: =IF(OR(V31=3,V31=4),COUNTIFS(V$6:V31,3)+COUNTIFS(V$6:V31,4),"")
A32: =IF(C32="","",ROW()-5) -> 27 | B32: =IF(C32="","","B-"&TEXT(ROW()-5,"000")) -> B-027 | C32: ميرا هاني ظريف فوزى | D32: بنت | E32: سنة تانية | F32: سوريال | G32: لا | H32: 01280605823 | I32: 01280605823 | J32: 20 شارع محمد علي خليل، المليحة، حدائق القبة، القاهرة؛ شقة 8، الدور 4 | K32: #VALUE! | M32: نشط | N32: =IF(O32="","",F32&"|"&O32) -> سوريال|3 | O32: =IF(OR(C32="",F32=""),"",COUNTIFS(F$6:F32,F32,C$6:C32,"<>")) -> 3 | P32: =IF($O32="","",IFERROR(CHOOSE(MATCH($F32,الإعدادات!$B$4:$B$7,0),INDEX('حضور سوريال'!$C$7:$C$36,$O32),INDEX('حضور غبريال'!$C$7:$C$36,$O32),INDEX('حضور رفائيل'!$C$7:$C$36,$O32),INDEX('حضور ميخائيل'!$C$7:$C$36,$O32)),"")) -> 0 | Q32: =IF($O32="","",IFERROR(CHOOSE(MATCH($F32,الإعدادات!$B$4:$B$7,0),INDEX('حضور سوريال'!$D$7:$D$36,$O32),INDEX('حضور غبريال'!$D$7:$D$36,$O32),INDEX('حضور رفائيل'!$D$7:$D$36,$O32),INDEX('حضور ميخائيل'!$D$7:$D$36,$O32)),"")) -> 0 | R32: =IF($O32="","",IFERROR(CHOOSE(MATCH($F32,الإعدادات!$B$4:$B$7,0),INDEX('حضور سوريال'!$F$7:$F$36,$O32),INDEX('حضور غبريال'!$F$7:$F$36,$O32),INDEX('حضور رفائيل'!$F$7:$F$36,$O32),INDEX('حضور ميخائيل'!$F$7:$F$36,$O32)),"")) | S32: =IF($O32="","",IFERROR(CHOOSE(MATCH($F32,الإعدادات!$B$4:$B$7,0),INDEX('حضور سوريال'!$G$7:$G$36,$O32),INDEX('حضور غبريال'!$G$7:$G$36,$O32),INDEX('حضور رفائيل'!$G$7:$G$36,$O32),INDEX('حضور ميخائيل'!$G$7:$G$36,$O32)),"")) -> 0 | T32: =IF($O32="","",IFERROR(CHOOSE(MATCH($F32,الإعدادات!$B$4:$B$7,0),INDEX('حضور سوريال'!$H$7:$H$36,$O32),INDEX('حضور غبريال'!$H$7:$H$36,$O32),INDEX('حضور رفائيل'!$H$7:$H$36,$O32),INDEX('حضور ميخائيل'!$H$7:$H$36,$O32)),"")) -> — | U32: =IF($O32="","",IFERROR(CHOOSE(MATCH($F32,الإعدادات!$B$4:$B$7,0),INDEX('حضور سوريال'!$I$7:$I$36,$O32),INDEX('حضور غبريال'!$I$7:$I$36,$O32),INDEX('حضور رفائيل'!$I$7:$I$36,$O32),INDEX('حضور ميخائيل'!$I$7:$I$36,$O32)),"")) -> ⏳ لسه مفيش حضور | V32: =IF($O32="","",IFERROR(CHOOSE(MATCH($F32,الإعدادات!$B$4:$B$7,0),INDEX('حضور سوريال'!$BM$7:$BM$36,$O32),INDEX('حضور غبريال'!$BM$7:$BM$36,$O32),INDEX('حضور رفائيل'!$BM$7:$BM$36,$O32),INDEX('حضور ميخائيل'!$BM$7:$BM$36,$O32)),"")) -> 0 | W32: =IF(OR(V32=3,V32=4),COUNTIFS(V$6:V32,3)+COUNTIFS(V$6:V32,4),"")
A33: =IF(C33="","",ROW()-5) -> 28 | B33: =IF(C33="","","B-"&TEXT(ROW()-5,"000")) -> B-028 | C33: ماريا هانى مكرم نصيف | D33: بنت | E33: سنة تانية | F33: سوريال | G33: لا | H33: 01200977582 | I33: 01283970133 | J33: 20 شارع عاصم، المليحة، حدائق القبة، القاهرة؛ شقة 7، الدور 7 | K33: #VALUE! | M33: نشط | N33: =IF(O33="","",F33&"|"&O33) -> سوريال|4 | O33: =IF(OR(C33="",F33=""),"",COUNTIFS(F$6:F33,F33,C$6:C33,"<>")) -> 4 | P33: =IF($O33="","",IFERROR(CHOOSE(MATCH($F33,الإعدادات!$B$4:$B$7,0),INDEX('حضور سوريال'!$C$7:$C$36,$O33),INDEX('حضور غبريال'!$C$7:$C$36,$O33),INDEX('حضور رفائيل'!$C$7:$C$36,$O33),INDEX('حضور ميخائيل'!$C$7:$C$36,$O33)),"")) -> 0 | Q33: =IF($O33="","",IFERROR(CHOOSE(MATCH($F33,الإعدادات!$B$4:$B$7,0),INDEX('حضور سوريال'!$D$7:$D$36,$O33),INDEX('حضور غبريال'!$D$7:$D$36,$O33),INDEX('حضور رفائيل'!$D$7:$D$36,$O33),INDEX('حضور ميخائيل'!$D$7:$D$36,$O33)),"")) -> 0 | R33: =IF($O33="","",IFERROR(CHOOSE(MATCH($F33,الإعدادات!$B$4:$B$7,0),INDEX('حضور سوريال'!$F$7:$F$36,$O33),INDEX('حضور غبريال'!$F$7:$F$36,$O33),INDEX('حضور رفائيل'!$F$7:$F$36,$O33),INDEX('حضور ميخائيل'!$F$7:$F$36,$O33)),"")) | S33: =IF($O33="","",IFERROR(CHOOSE(MATCH($F33,الإعدادات!$B$4:$B$7,0),INDEX('حضور سوريال'!$G$7:$G$36,$O33),INDEX('حضور غبريال'!$G$7:$G$36,$O33),INDEX('حضور رفائيل'!$G$7:$G$36,$O33),INDEX('حضور ميخائيل'!$G$7:$G$36,$O33)),"")) -> 0 | T33: =IF($O33="","",IFERROR(CHOOSE(MATCH($F33,الإعدادات!$B$4:$B$7,0),INDEX('حضور سوريال'!$H$7:$H$36,$O33),INDEX('حضور غبريال'!$H$7:$H$36,$O33),INDEX('حضور رفائيل'!$H$7:$H$36,$O33),INDEX('حضور ميخائيل'!$H$7:$H$36,$O33)),"")) -> — | U33: =IF($O33="","",IFERROR(CHOOSE(MATCH($F33,الإعدادات!$B$4:$B$7,0),INDEX('حضور سوريال'!$I$7:$I$36,$O33),INDEX('حضور غبريال'!$I$7:$I$36,$O33),INDEX('حضور رفائيل'!$I$7:$I$36,$O33),INDEX('حضور ميخائيل'!$I$7:$I$36,$O33)),"")) -> ⏳ لسه مفيش حضور | V33: =IF($O33="","",IFERROR(CHOOSE(MATCH($F33,الإعدادات!$B$4:$B$7,0),INDEX('حضور سوريال'!$BM$7:$BM$36,$O33),INDEX('حضور غبريال'!$BM$7:$BM$36,$O33),INDEX('حضور رفائيل'!$BM$7:$BM$36,$O33),INDEX('حضور ميخائيل'!$BM$7:$BM$36,$O33)),"")) -> 0 | W33: =IF(OR(V33=3,V33=4),COUNTIFS(V$6:V33,3)+COUNTIFS(V$6:V33,4),"")
A34: =IF(C34="","",ROW()-5) -> 29 | B34: =IF(C34="","","B-"&TEXT(ROW()-5,"000")) -> B-029 | C34: بافلى سلامه سليمان | D34: ولد | E34: سنة تانية | F34: سوريال | G34: لا | H34: 01211025572 | J34: 23 شارع عبد الرحمن السني، عمار بن ياسر، العمرانية، الجيزة؛ شقة 5، الدور 3 | M34: نشط | N34: =IF(O34="","",F34&"|"&O34) -> سوريال|5 | O34: =IF(OR(C34="",F34=""),"",COUNTIFS(F$6:F34,F34,C$6:C34,"<>")) -> 5 | P34: =IF($O34="","",IFERROR(CHOOSE(MATCH($F34,الإعدادات!$B$4:$B$7,0),INDEX('حضور سوريال'!$C$7:$C$36,$O34),INDEX('حضور غبريال'!$C$7:$C$36,$O34),INDEX('حضور رفائيل'!$C$7:$C$36,$O34),INDEX('حضور ميخائيل'!$C$7:$C$36,$O34)),"")) -> 0 | Q34: =IF($O34="","",IFERROR(CHOOSE(MATCH($F34,الإعدادات!$B$4:$B$7,0),INDEX('حضور سوريال'!$D$7:$D$36,$O34),INDEX('حضور غبريال'!$D$7:$D$36,$O34),INDEX('حضور رفائيل'!$D$7:$D$36,$O34),INDEX('حضور ميخائيل'!$D$7:$D$36,$O34)),"")) -> 0 | R34: =IF($O34="","",IFERROR(CHOOSE(MATCH($F34,الإعدادات!$B$4:$B$7,0),INDEX('حضور سوريال'!$F$7:$F$36,$O34),INDEX('حضور غبريال'!$F$7:$F$36,$O34),INDEX('حضور رفائيل'!$F$7:$F$36,$O34),INDEX('حضور ميخائيل'!$F$7:$F$36,$O34)),"")) | S34: =IF($O34="","",IFERROR(CHOOSE(MATCH($F34,الإعدادات!$B$4:$B$7,0),INDEX('حضور سوريال'!$G$7:$G$36,$O34),INDEX('حضور غبريال'!$G$7:$G$36,$O34),INDEX('حضور رفائيل'!$G$7:$G$36,$O34),INDEX('حضور ميخائيل'!$G$7:$G$36,$O34)),"")) -> 0 | T34: =IF($O34="","",IFERROR(CHOOSE(MATCH($F34,الإعدادات!$B$4:$B$7,0),INDEX('حضور سوريال'!$H$7:$H$36,$O34),INDEX('حضور غبريال'!$H$7:$H$36,$O34),INDEX('حضور رفائيل'!$H$7:$H$36,$O34),INDEX('حضور ميخائيل'!$H$7:$H$36,$O34)),"")) -> — | U34: =IF($O34="","",IFERROR(CHOOSE(MATCH($F34,الإعدادات!$B$4:$B$7,0),INDEX('حضور سوريال'!$I$7:$I$36,$O34),INDEX('حضور غبريال'!$I$7:$I$36,$O34),INDEX('حضور رفائيل'!$I$7:$I$36,$O34),INDEX('حضور ميخائيل'!$I$7:$I$36,$O34)),"")) -> ⏳ لسه مفيش حضور | V34: =IF($O34="","",IFERROR(CHOOSE(MATCH($F34,الإعدادات!$B$4:$B$7,0),INDEX('حضور سوريال'!$BM$7:$BM$36,$O34),INDEX('حضور غبريال'!$BM$7:$BM$36,$O34),INDEX('حضور رفائيل'!$BM$7:$BM$36,$O34),INDEX('حضور ميخائيل'!$BM$7:$BM$36,$O34)),"")) -> 0 | W34: =IF(OR(V34=3,V34=4),COUNTIFS(V$6:V34,3)+COUNTIFS(V$6:V34,4),"")
A35: =IF(C35="","",ROW()-5) -> 30 | B35: =IF(C35="","","B-"&TEXT(ROW()-5,"000")) -> B-030 | C35: سامي سامح سامي جاد الله | D35: ولد | E35: سنة تانية | F35: سوريال | G35: لا | H35: 01224717891 | I35: 01223222833 | J35: 3 شارع نصر الدين محمد، المليحة، حدائق القبة، القاهرة؛ شقة 11، الدور 4 | K35: #VALUE! | M35: نشط | N35: =IF(O35="","",F35&"|"&O35) -> سوريال|6 | O35: =IF(OR(C35="",F35=""),"",COUNTIFS(F$6:F35,F35,C$6:C35,"<>")) -> 6 | P35: =IF($O35="","",IFERROR(CHOOSE(MATCH($F35,الإعدادات!$B$4:$B$7,0),INDEX('حضور سوريال'!$C$7:$C$36,$O35),INDEX('حضور غبريال'!$C$7:$C$36,$O35),INDEX('حضور رفائيل'!$C$7:$C$36,$O35),INDEX('حضور ميخائيل'!$C$7:$C$36,$O35)),"")) -> 0 | Q35: =IF($O35="","",IFERROR(CHOOSE(MATCH($F35,الإعدادات!$B$4:$B$7,0),INDEX('حضور سوريال'!$D$7:$D$36,$O35),INDEX('حضور غبريال'!$D$7:$D$36,$O35),INDEX('حضور رفائيل'!$D$7:$D$36,$O35),INDEX('حضور ميخائيل'!$D$7:$D$36,$O35)),"")) -> 0 | R35: =IF($O35="","",IFERROR(CHOOSE(MATCH($F35,الإعدادات!$B$4:$B$7,0),INDEX('حضور سوريال'!$F$7:$F$36,$O35),INDEX('حضور غبريال'!$F$7:$F$36,$O35),INDEX('حضور رفائيل'!$F$7:$F$36,$O35),INDEX('حضور ميخائيل'!$F$7:$F$36,$O35)),"")) | S35: =IF($O35="","",IFERROR(CHOOSE(MATCH($F35,الإعدادات!$B$4:$B$7,0),INDEX('حضور سوريال'!$G$7:$G$36,$O35),INDEX('حضور غبريال'!$G$7:$G$36,$O35),INDEX('حضور رفائيل'!$G$7:$G$36,$O35),INDEX('حضور ميخائيل'!$G$7:$G$36,$O35)),"")) -> 0 | T35: =IF($O35="","",IFERROR(CHOOSE(MATCH($F35,الإعدادات!$B$4:$B$7,0),INDEX('حضور سوريال'!$H$7:$H$36,$O35),INDEX('حضور غبريال'!$H$7:$H$36,$O35),INDEX('حضور رفائيل'!$H$7:$H$36,$O35),INDEX('حضور ميخائيل'!$H$7:$H$36,$O35)),"")) -> — | U35: =IF($O35="","",IFERROR(CHOOSE(MATCH($F35,الإعدادات!$B$4:$B$7,0),INDEX('حضور سوريال'!$I$7:$I$36,$O35),INDEX('حضور غبريال'!$I$7:$I$36,$O35),INDEX('حضور رفائيل'!$I$7:$I$36,$O35),INDEX('حضور ميخائيل'!$I$7:$I$36,$O35)),"")) -> ⏳ لسه مفيش حضور | V35: =IF($O35="","",IFERROR(CHOOSE(MATCH($F35,الإعدادات!$B$4:$B$7,0),INDEX('حضور سوريال'!$BM$7:$BM$36,$O35),INDEX('حضور غبريال'!$BM$7:$BM$36,$O35),INDEX('حضور رفائيل'!$BM$7:$BM$36,$O35),INDEX('حضور ميخائيل'!$BM$7:$BM$36,$O35)),"")) -> 0 | W35: =IF(OR(V35=3,V35=4),COUNTIFS(V$6:V35,3)+COUNTIFS(V$6:V35,4),"")
A36: =IF(C36="","",ROW()-5) -> 31 | B36: =IF(C36="","","B-"&TEXT(ROW()-5,"000")) -> B-031 | C36: فيرينا مينا عجايبي يوسف سعد | D36: بنت | E36: سنة تانية | F36: سوريال | G36: لا | H36: 01283850844 | I36: 01285721261 | J36: 23 شارع عاصم، المليحة، حدائق القبة، القاهرة؛ الدور 3 | M36: نشط | N36: =IF(O36="","",F36&"|"&O36) -> سوريال|7 | O36: =IF(OR(C36="",F36=""),"",COUNTIFS(F$6:F36,F36,C$6:C36,"<>")) -> 7 | P36: =IF($O36="","",IFERROR(CHOOSE(MATCH($F36,الإعدادات!$B$4:$B$7,0),INDEX('حضور سوريال'!$C$7:$C$36,$O36),INDEX('حضور غبريال'!$C$7:$C$36,$O36),INDEX('حضور رفائيل'!$C$7:$C$36,$O36),INDEX('حضور ميخائيل'!$C$7:$C$36,$O36)),"")) -> 0 | Q36: =IF($O36="","",IFERROR(CHOOSE(MATCH($F36,الإعدادات!$B$4:$B$7,0),INDEX('حضور سوريال'!$D$7:$D$36,$O36),INDEX('حضور غبريال'!$D$7:$D$36,$O36),INDEX('حضور رفائيل'!$D$7:$D$36,$O36),INDEX('حضور ميخائيل'!$D$7:$D$36,$O36)),"")) -> 0 | R36: =IF($O36="","",IFERROR(CHOOSE(MATCH($F36,الإعدادات!$B$4:$B$7,0),INDEX('حضور سوريال'!$F$7:$F$36,$O36),INDEX('حضور غبريال'!$F$7:$F$36,$O36),INDEX('حضور رفائيل'!$F$7:$F$36,$O36),INDEX('حضور ميخائيل'!$F$7:$F$36,$O36)),"")) | S36: =IF($O36="","",IFERROR(CHOOSE(MATCH($F36,الإعدادات!$B$4:$B$7,0),INDEX('حضور سوريال'!$G$7:$G$36,$O36),INDEX('حضور غبريال'!$G$7:$G$36,$O36),INDEX('حضور رفائيل'!$G$7:$G$36,$O36),INDEX('حضور ميخائيل'!$G$7:$G$36,$O36)),"")) -> 0 | T36: =IF($O36="","",IFERROR(CHOOSE(MATCH($F36,الإعدادات!$B$4:$B$7,0),INDEX('حضور سوريال'!$H$7:$H$36,$O36),INDEX('حضور غبريال'!$H$7:$H$36,$O36),INDEX('حضور رفائيل'!$H$7:$H$36,$O36),INDEX('حضور ميخائيل'!$H$7:$H$36,$O36)),"")) -> — | U36: =IF($O36="","",IFERROR(CHOOSE(MATCH($F36,الإعدادات!$B$4:$B$7,0),INDEX('حضور سوريال'!$I$7:$I$36,$O36),INDEX('حضور غبريال'!$I$7:$I$36,$O36),INDEX('حضور رفائيل'!$I$7:$I$36,$O36),INDEX('حضور ميخائيل'!$I$7:$I$36,$O36)),"")) -> ⏳ لسه مفيش حضور | V36: =IF($O36="","",IFERROR(CHOOSE(MATCH($F36,الإعدادات!$B$4:$B$7,0),INDEX('حضور سوريال'!$BM$7:$BM$36,$O36),INDEX('حضور غبريال'!$BM$7:$BM$36,$O36),INDEX('حضور رفائيل'!$BM$7:$BM$36,$O36),INDEX('حضور ميخائيل'!$BM$7:$BM$36,$O36)),"")) -> 0 | W36: =IF(OR(V36=3,V36=4),COUNTIFS(V$6:V36,3)+COUNTIFS(V$6:V36,4),"")
A37: =IF(C37="","",ROW()-5) -> 32 | B37: =IF(C37="","","B-"&TEXT(ROW()-5,"000")) -> B-032 | C37: بافلى بيشوى جرجس جندى | D37: ولد | E37: سنة تانية | F37: سوريال | G37: لا | H37: 01279057492 | I37: 01272167444 | J37: 16 شارع فضل دير الملاك، حدائق القبة، القاهرة؛ شقة 15، الدور 9 | K37: #VALUE! | M37: نشط | N37: =IF(O37="","",F37&"|"&O37) -> سوريال|8 | O37: =IF(OR(C37="",F37=""),"",COUNTIFS(F$6:F37,F37,C$6:C37,"<>")) -> 8 | P37: =IF($O37="","",IFERROR(CHOOSE(MATCH($F37,الإعدادات!$B$4:$B$7,0),INDEX('حضور سوريال'!$C$7:$C$36,$O37),INDEX('حضور غبريال'!$C$7:$C$36,$O37),INDEX('حضور رفائيل'!$C$7:$C$36,$O37),INDEX('حضور ميخائيل'!$C$7:$C$36,$O37)),"")) -> 0 | Q37: =IF($O37="","",IFERROR(CHOOSE(MATCH($F37,الإعدادات!$B$4:$B$7,0),INDEX('حضور سوريال'!$D$7:$D$36,$O37),INDEX('حضور غبريال'!$D$7:$D$36,$O37),INDEX('حضور رفائيل'!$D$7:$D$36,$O37),INDEX('حضور ميخائيل'!$D$7:$D$36,$O37)),"")) -> 0 | R37: =IF($O37="","",IFERROR(CHOOSE(MATCH($F37,الإعدادات!$B$4:$B$7,0),INDEX('حضور سوريال'!$F$7:$F$36,$O37),INDEX('حضور غبريال'!$F$7:$F$36,$O37),INDEX('حضور رفائيل'!$F$7:$F$36,$O37),INDEX('حضور ميخائيل'!$F$7:$F$36,$O37)),"")) | S37: =IF($O37="","",IFERROR(CHOOSE(MATCH($F37,الإعدادات!$B$4:$B$7,0),INDEX('حضور سوريال'!$G$7:$G$36,$O37),INDEX('حضور غبريال'!$G$7:$G$36,$O37),INDEX('حضور رفائيل'!$G$7:$G$36,$O37),INDEX('حضور ميخائيل'!$G$7:$G$36,$O37)),"")) -> 0 | T37: =IF($O37="","",IFERROR(CHOOSE(MATCH($F37,الإعدادات!$B$4:$B$7,0),INDEX('حضور سوريال'!$H$7:$H$36,$O37),INDEX('حضور غبريال'!$H$7:$H$36,$O37),INDEX('حضور رفائيل'!$H$7:$H$36,$O37),INDEX('حضور ميخائيل'!$H$7:$H$36,$O37)),"")) -> — | U37: =IF($O37="","",IFERROR(CHOOSE(MATCH($F37,الإعدادات!$B$4:$B$7,0),INDEX('حضور سوريال'!$I$7:$I$36,$O37),INDEX('حضور غبريال'!$I$7:$I$36,$O37),INDEX('حضور رفائيل'!$I$7:$I$36,$O37),INDEX('حضور ميخائيل'!$I$7:$I$36,$O37)),"")) -> ⏳ لسه مفيش حضور | V37: =IF($O37="","",IFERROR(CHOOSE(MATCH($F37,الإعدادات!$B$4:$B$7,0),INDEX('حضور سوريال'!$BM$7:$BM$36,$O37),INDEX('حضور غبريال'!$BM$7:$BM$36,$O37),INDEX('حضور رفائيل'!$BM$7:$BM$36,$O37),INDEX('حضور ميخائيل'!$BM$7:$BM$36,$O37)),"")) -> 0 | W37: =IF(OR(V37=3,V37=4),COUNTIFS(V$6:V37,3)+COUNTIFS(V$6:V37,4),"")
A38: =IF(C38="","",ROW()-5) -> 33 | B38: =IF(C38="","","B-"&TEXT(ROW()-5,"000")) -> B-033 | C38: يؤانا دميان جمال | D38: بنت | E38: سنة تانية | F38: سوريال | G38: لا | H38: 01280039813 | J38: 23 شارع عبد الرحمن السني، عمار بن ياسر، العمرانية، الجيزة؛ شقة 5، الدور 3 | K38: #VALUE! | M38: نشط | N38: =IF(O38="","",F38&"|"&O38) -> سوريال|9 | O38: =IF(OR(C38="",F38=""),"",COUNTIFS(F$6:F38,F38,C$6:C38,"<>")) -> 9 | P38: =IF($O38="","",IFERROR(CHOOSE(MATCH($F38,الإعدادات!$B$4:$B$7,0),INDEX('حضور سوريال'!$C$7:$C$36,$O38),INDEX('حضور غبريال'!$C$7:$C$36,$O38),INDEX('حضور رفائيل'!$C$7:$C$36,$O38),INDEX('حضور ميخائيل'!$C$7:$C$36,$O38)),"")) -> 0 | Q38: =IF($O38="","",IFERROR(CHOOSE(MATCH($F38,الإعدادات!$B$4:$B$7,0),INDEX('حضور سوريال'!$D$7:$D$36,$O38),INDEX('حضور غبريال'!$D$7:$D$36,$O38),INDEX('حضور رفائيل'!$D$7:$D$36,$O38),INDEX('حضور ميخائيل'!$D$7:$D$36,$O38)),"")) -> 0 | R38: =IF($O38="","",IFERROR(CHOOSE(MATCH($F38,الإعدادات!$B$4:$B$7,0),INDEX('حضور سوريال'!$F$7:$F$36,$O38),INDEX('حضور غبريال'!$F$7:$F$36,$O38),INDEX('حضور رفائيل'!$F$7:$F$36,$O38),INDEX('حضور ميخائيل'!$F$7:$F$36,$O38)),"")) | S38: =IF($O38="","",IFERROR(CHOOSE(MATCH($F38,الإعدادات!$B$4:$B$7,0),INDEX('حضور سوريال'!$G$7:$G$36,$O38),INDEX('حضور غبريال'!$G$7:$G$36,$O38),INDEX('حضور رفائيل'!$G$7:$G$36,$O38),INDEX('حضور ميخائيل'!$G$7:$G$36,$O38)),"")) -> 0 | T38: =IF($O38="","",IFERROR(CHOOSE(MATCH($F38,الإعدادات!$B$4:$B$7,0),INDEX('حضور سوريال'!$H$7:$H$36,$O38),INDEX('حضور غبريال'!$H$7:$H$36,$O38),INDEX('حضور رفائيل'!$H$7:$H$36,$O38),INDEX('حضور ميخائيل'!$H$7:$H$36,$O38)),"")) -> — | U38: =IF($O38="","",IFERROR(CHOOSE(MATCH($F38,الإعدادات!$B$4:$B$7,0),INDEX('حضور سوريال'!$I$7:$I$36,$O38),INDEX('حضور غبريال'!$I$7:$I$36,$O38),INDEX('حضور رفائيل'!$I$7:$I$36,$O38),INDEX('حضور ميخائيل'!$I$7:$I$36,$O38)),"")) -> ⏳ لسه مفيش حضور | V38: =IF($O38="","",IFERROR(CHOOSE(MATCH($F38,الإعدادات!$B$4:$B$7,0),INDEX('حضور سوريال'!$BM$7:$BM$36,$O38),INDEX('حضور غبريال'!$BM$7:$BM$36,$O38),INDEX('حضور رفائيل'!$BM$7:$BM$36,$O38),INDEX('حضور ميخائيل'!$BM$7:$BM$36,$O38)),"")) -> 0 | W38: =IF(OR(V38=3,V38=4),COUNTIFS(V$6:V38,3)+COUNTIFS(V$6:V38,4),"")
A39: =IF(C39="","",ROW()-5) -> 34 | B39: =IF(C39="","","B-"&TEXT(ROW()-5,"000")) -> B-034 | C39: مارسيلينو جرجس روماني حبيب | D39: ولد | E39: سنة تانية | F39: سوريال | G39: لا | H39: 01020032613 | J39: 18 شارع أحمد محمد فرج، منطقة 5، المليحة، حدائق القبة، القاهرة؛ شقة 1، الدور 4 | K39: #VALUE! | M39: نشط | N39: =IF(O39="","",F39&"|"&O39) -> سوريال|10 | O39: =IF(OR(C39="",F39=""),"",COUNTIFS(F$6:F39,F39,C$6:C39,"<>")) -> 10 | P39: =IF($O39="","",IFERROR(CHOOSE(MATCH($F39,الإعدادات!$B$4:$B$7,0),INDEX('حضور سوريال'!$C$7:$C$36,$O39),INDEX('حضور غبريال'!$C$7:$C$36,$O39),INDEX('حضور رفائيل'!$C$7:$C$36,$O39),INDEX('حضور ميخائيل'!$C$7:$C$36,$O39)),"")) -> 0 | Q39: =IF($O39="","",IFERROR(CHOOSE(MATCH($F39,الإعدادات!$B$4:$B$7,0),INDEX('حضور سوريال'!$D$7:$D$36,$O39),INDEX('حضور غبريال'!$D$7:$D$36,$O39),INDEX('حضور رفائيل'!$D$7:$D$36,$O39),INDEX('حضور ميخائيل'!$D$7:$D$36,$O39)),"")) -> 0 | R39: =IF($O39="","",IFERROR(CHOOSE(MATCH($F39,الإعدادات!$B$4:$B$7,0),INDEX('حضور سوريال'!$F$7:$F$36,$O39),INDEX('حضور غبريال'!$F$7:$F$36,$O39),INDEX('حضور رفائيل'!$F$7:$F$36,$O39),INDEX('حضور ميخائيل'!$F$7:$F$36,$O39)),"")) | S39: =IF($O39="","",IFERROR(CHOOSE(MATCH($F39,الإعدادات!$B$4:$B$7,0),INDEX('حضور سوريال'!$G$7:$G$36,$O39),INDEX('حضور غبريال'!$G$7:$G$36,$O39),INDEX('حضور رفائيل'!$G$7:$G$36,$O39),INDEX('حضور ميخائيل'!$G$7:$G$36,$O39)),"")) -> 0 | T39: =IF($O39="","",IFERROR(CHOOSE(MATCH($F39,الإعدادات!$B$4:$B$7,0),INDEX('حضور سوريال'!$H$7:$H$36,$O39),INDEX('حضور غبريال'!$H$7:$H$36,$O39),INDEX('حضور رفائيل'!$H$7:$H$36,$O39),INDEX('حضور ميخائيل'!$H$7:$H$36,$O39)),"")) -> — | U39: =IF($O39="","",IFERROR(CHOOSE(MATCH($F39,الإعدادات!$B$4:$B$7,0),INDEX('حضور سوريال'!$I$7:$I$36,$O39),INDEX('حضور غبريال'!$I$7:$I$36,$O39),INDEX('حضور رفائيل'!$I$7:$I$36,$O39),INDEX('حضور ميخائيل'!$I$7:$I$36,$O39)),"")) -> ⏳ لسه مفيش حضور | V39: =IF($O39="","",IFERROR(CHOOSE(MATCH($F39,الإعدادات!$B$4:$B$7,0),INDEX('حضور سوريال'!$BM$7:$BM$36,$O39),INDEX('حضور غبريال'!$BM$7:$BM$36,$O39),INDEX('حضور رفائيل'!$BM$7:$BM$36,$O39),INDEX('حضور ميخائيل'!$BM$7:$BM$36,$O39)),"")) -> 0 | W39: =IF(OR(V39=3,V39=4),COUNTIFS(V$6:V39,3)+COUNTIFS(V$6:V39,4),"")
A40: =IF(C40="","",ROW()-5) -> 35 | B40: =IF(C40="","","B-"&TEXT(ROW()-5,"000")) -> B-035 | C40: جاسيكا صموئيل شكر الله | D40: بنت | E40: سنة تانية | F40: سوريال | G40: لا | H40: 01202234121 | I40: 01283206525 | J40: 7 شارع أبو طه، متفرع من الفريد، عزبة النخل، القاهرة؛ شقة 2، الدور 3 | M40: نشط | N40: =IF(O40="","",F40&"|"&O40) -> سوريال|11 | O40: =IF(OR(C40="",F40=""),"",COUNTIFS(F$6:F40,F40,C$6:C40,"<>")) -> 11 | P40: =IF($O40="","",IFERROR(CHOOSE(MATCH($F40,الإعدادات!$B$4:$B$7,0),INDEX('حضور سوريال'!$C$7:$C$36,$O40),INDEX('حضور غبريال'!$C$7:$C$36,$O40),INDEX('حضور رفائيل'!$C$7:$C$36,$O40),INDEX('حضور ميخائيل'!$C$7:$C$36,$O40)),"")) -> 0 | Q40: =IF($O40="","",IFERROR(CHOOSE(MATCH($F40,الإعدادات!$B$4:$B$7,0),INDEX('حضور سوريال'!$D$7:$D$36,$O40),INDEX('حضور غبريال'!$D$7:$D$36,$O40),INDEX('حضور رفائيل'!$D$7:$D$36,$O40),INDEX('حضور ميخائيل'!$D$7:$D$36,$O40)),"")) -> 0 | R40: =IF($O40="","",IFERROR(CHOOSE(MATCH($F40,الإعدادات!$B$4:$B$7,0),INDEX('حضور سوريال'!$F$7:$F$36,$O40),INDEX('حضور غبريال'!$F$7:$F$36,$O40),INDEX('حضور رفائيل'!$F$7:$F$36,$O40),INDEX('حضور ميخائيل'!$F$7:$F$36,$O40)),"")) | S40: =IF($O40="","",IFERROR(CHOOSE(MATCH($F40,الإعدادات!$B$4:$B$7,0),INDEX('حضور سوريال'!$G$7:$G$36,$O40),INDEX('حضور غبريال'!$G$7:$G$36,$O40),INDEX('حضور رفائيل'!$G$7:$G$36,$O40),INDEX('حضور ميخائيل'!$G$7:$G$36,$O40)),"")) -> 0 | T40: =IF($O40="","",IFERROR(CHOOSE(MATCH($F40,الإعدادات!$B$4:$B$7,0),INDEX('حضور سوريال'!$H$7:$H$36,$O40),INDEX('حضور غبريال'!$H$7:$H$36,$O40),INDEX('حضور رفائيل'!$H$7:$H$36,$O40),INDEX('حضور ميخائيل'!$H$7:$H$36,$O40)),"")) -> — | U40: =IF($O40="","",IFERROR(CHOOSE(MATCH($F40,الإعدادات!$B$4:$B$7,0),INDEX('حضور سوريال'!$I$7:$I$36,$O40),INDEX('حضور غبريال'!$I$7:$I$36,$O40),INDEX('حضور رفائيل'!$I$7:$I$36,$O40),INDEX('حضور ميخائيل'!$I$7:$I$36,$O40)),"")) -> ⏳ لسه مفيش حضور | V40: =IF($O40="","",IFERROR(CHOOSE(MATCH($F40,الإعدادات!$B$4:$B$7,0),INDEX('حضور سوريال'!$BM$7:$BM$36,$O40),INDEX('حضور غبريال'!$BM$7:$BM$36,$O40),INDEX('حضور رفائيل'!$BM$7:$BM$36,$O40),INDEX('حضور ميخائيل'!$BM$7:$BM$36,$O40)),"")) -> 0 | W40: =IF(OR(V40=3,V40=4),COUNTIFS(V$6:V40,3)+COUNTIFS(V$6:V40,4),"")
A41: =IF(C41="","",ROW()-5) -> 36 | B41: =IF(C41="","","B-"&TEXT(ROW()-5,"000")) -> B-036 | C41: باتريك بولا عطا الله | D41: ولد | E41: سنة تانية | F41: سوريال | G41: لا | H41: 01284074874 | I41: 01277714878 | J41: 22 شارع دياب فهمي، المليحة، حدائق القبة، القاهرة؛ الدور 4 | M41: نشط | N41: =IF(O41="","",F41&"|"&O41) -> سوريال|12 | O41: =IF(OR(C41="",F41=""),"",COUNTIFS(F$6:F41,F41,C$6:C41,"<>")) -> 12 | P41: =IF($O41="","",IFERROR(CHOOSE(MATCH($F41,الإعدادات!$B$4:$B$7,0),INDEX('حضور سوريال'!$C$7:$C$36,$O41),INDEX('حضور غبريال'!$C$7:$C$36,$O41),INDEX('حضور رفائيل'!$C$7:$C$36,$O41),INDEX('حضور ميخائيل'!$C$7:$C$36,$O41)),"")) -> 0 | Q41: =IF($O41="","",IFERROR(CHOOSE(MATCH($F41,الإعدادات!$B$4:$B$7,0),INDEX('حضور سوريال'!$D$7:$D$36,$O41),INDEX('حضور غبريال'!$D$7:$D$36,$O41),INDEX('حضور رفائيل'!$D$7:$D$36,$O41),INDEX('حضور ميخائيل'!$D$7:$D$36,$O41)),"")) -> 0 | R41: =IF($O41="","",IFERROR(CHOOSE(MATCH($F41,الإعدادات!$B$4:$B$7,0),INDEX('حضور سوريال'!$F$7:$F$36,$O41),INDEX('حضور غبريال'!$F$7:$F$36,$O41),INDEX('حضور رفائيل'!$F$7:$F$36,$O41),INDEX('حضور ميخائيل'!$F$7:$F$36,$O41)),"")) | S41: =IF($O41="","",IFERROR(CHOOSE(MATCH($F41,الإعدادات!$B$4:$B$7,0),INDEX('حضور سوريال'!$G$7:$G$36,$O41),INDEX('حضور غبريال'!$G$7:$G$36,$O41),INDEX('حضور رفائيل'!$G$7:$G$36,$O41),INDEX('حضور ميخائيل'!$G$7:$G$36,$O41)),"")) -> 0 | T41: =IF($O41="","",IFERROR(CHOOSE(MATCH($F41,الإعدادات!$B$4:$B$7,0),INDEX('حضور سوريال'!$H$7:$H$36,$O41),INDEX('حضور غبريال'!$H$7:$H$36,$O41),INDEX('حضور رفائيل'!$H$7:$H$36,$O41),INDEX('حضور ميخائيل'!$H$7:$H$36,$O41)),"")) -> — | U41: =IF($O41="","",IFERROR(CHOOSE(MATCH($F41,الإعدادات!$B$4:$B$7,0),INDEX('حضور سوريال'!$I$7:$I$36,$O41),INDEX('حضور غبريال'!$I$7:$I$36,$O41),INDEX('حضور رفائيل'!$I$7:$I$36,$O41),INDEX('حضور ميخائيل'!$I$7:$I$36,$O41)),"")) -> ⏳ لسه مفيش حضور | V41: =IF($O41="","",IFERROR(CHOOSE(MATCH($F41,الإعدادات!$B$4:$B$7,0),INDEX('حضور سوريال'!$BM$7:$BM$36,$O41),INDEX('حضور غبريال'!$BM$7:$BM$36,$O41),INDEX('حضور رفائيل'!$BM$7:$BM$36,$O41),INDEX('حضور ميخائيل'!$BM$7:$BM$36,$O41)),"")) -> 0 | W41: =IF(OR(V41=3,V41=4),COUNTIFS(V$6:V41,3)+COUNTIFS(V$6:V41,4),"")
A42: =IF(C42="","",ROW()-5) -> 37 | B42: =IF(C42="","","B-"&TEXT(ROW()-5,"000")) -> B-037 | C42: كنده بيشوي سامي | D42: بنت | E42: سنة تانية | F42: سوريال | G42: لا | H42: 01204337555 | I42: 01204337555 | J42: 13 شارع الشيخ المنفلوطي، المليحة، حدائق القبة، القاهرة؛ الدور 8، شقة | K42: #VALUE! | M42: نشط | N42: =IF(O42="","",F42&"|"&O42) -> سوريال|13 | O42: =IF(OR(C42="",F42=""),"",COUNTIFS(F$6:F42,F42,C$6:C42,"<>")) -> 13 | P42: =IF($O42="","",IFERROR(CHOOSE(MATCH($F42,الإعدادات!$B$4:$B$7,0),INDEX('حضور سوريال'!$C$7:$C$36,$O42),INDEX('حضور غبريال'!$C$7:$C$36,$O42),INDEX('حضور رفائيل'!$C$7:$C$36,$O42),INDEX('حضور ميخائيل'!$C$7:$C$36,$O42)),"")) -> 0 | Q42: =IF($O42="","",IFERROR(CHOOSE(MATCH($F42,الإعدادات!$B$4:$B$7,0),INDEX('حضور سوريال'!$D$7:$D$36,$O42),INDEX('حضور غبريال'!$D$7:$D$36,$O42),INDEX('حضور رفائيل'!$D$7:$D$36,$O42),INDEX('حضور ميخائيل'!$D$7:$D$36,$O42)),"")) -> 0 | R42: =IF($O42="","",IFERROR(CHOOSE(MATCH($F42,الإعدادات!$B$4:$B$7,0),INDEX('حضور سوريال'!$F$7:$F$36,$O42),INDEX('حضور غبريال'!$F$7:$F$36,$O42),INDEX('حضور رفائيل'!$F$7:$F$36,$O42),INDEX('حضور ميخائيل'!$F$7:$F$36,$O42)),"")) | S42: =IF($O42="","",IFERROR(CHOOSE(MATCH($F42,الإعدادات!$B$4:$B$7,0),INDEX('حضور سوريال'!$G$7:$G$36,$O42),INDEX('حضور غبريال'!$G$7:$G$36,$O42),INDEX('حضور رفائيل'!$G$7:$G$36,$O42),INDEX('حضور ميخائيل'!$G$7:$G$36,$O42)),"")) -> 0 | T42: =IF($O42="","",IFERROR(CHOOSE(MATCH($F42,الإعدادات!$B$4:$B$7,0),INDEX('حضور سوريال'!$H$7:$H$36,$O42),INDEX('حضور غبريال'!$H$7:$H$36,$O42),INDEX('حضور رفائيل'!$H$7:$H$36,$O42),INDEX('حضور ميخائيل'!$H$7:$H$36,$O42)),"")) -> — | U42: =IF($O42="","",IFERROR(CHOOSE(MATCH($F42,الإعدادات!$B$4:$B$7,0),INDEX('حضور سوريال'!$I$7:$I$36,$O42),INDEX('حضور غبريال'!$I$7:$I$36,$O42),INDEX('حضور رفائيل'!$I$7:$I$36,$O42),INDEX('حضور ميخائيل'!$I$7:$I$36,$O42)),"")) -> ⏳ لسه مفيش حضور | V42: =IF($O42="","",IFERROR(CHOOSE(MATCH($F42,الإعدادات!$B$4:$B$7,0),INDEX('حضور سوريال'!$BM$7:$BM$36,$O42),INDEX('حضور غبريال'!$BM$7:$BM$36,$O42),INDEX('حضور رفائيل'!$BM$7:$BM$36,$O42),INDEX('حضور ميخائيل'!$BM$7:$BM$36,$O42)),"")) -> 0 | W42: =IF(OR(V42=3,V42=4),COUNTIFS(V$6:V42,3)+COUNTIFS(V$6:V42,4),"")
A43: =IF(C43="","",ROW()-5) -> 38 | B43: =IF(C43="","","B-"&TEXT(ROW()-5,"000")) -> B-038 | C43: إيلاريا أمير رسمي مراد | D43: بنت | E43: سنة تانية | F43: سوريال | G43: لا | H43: 01201002104 | I43: 01201682184 | J43: 17 شارع صليب نخلة، المليحة، حدائق القبة، القاهرة؛ شقة 2، الدور 2 | M43: نشط | N43: =IF(O43="","",F43&"|"&O43) -> سوريال|14 | O43: =IF(OR(C43="",F43=""),"",COUNTIFS(F$6:F43,F43,C$6:C43,"<>")) -> 14 | P43: =IF($O43="","",IFERROR(CHOOSE(MATCH($F43,الإعدادات!$B$4:$B$7,0),INDEX('حضور سوريال'!$C$7:$C$36,$O43),INDEX('حضور غبريال'!$C$7:$C$36,$O43),INDEX('حضور رفائيل'!$C$7:$C$36,$O43),INDEX('حضور ميخائيل'!$C$7:$C$36,$O43)),"")) -> 0 | Q43: =IF($O43="","",IFERROR(CHOOSE(MATCH($F43,الإعدادات!$B$4:$B$7,0),INDEX('حضور سوريال'!$D$7:$D$36,$O43),INDEX('حضور غبريال'!$D$7:$D$36,$O43),INDEX('حضور رفائيل'!$D$7:$D$36,$O43),INDEX('حضور ميخائيل'!$D$7:$D$36,$O43)),"")) -> 0 | R43: =IF($O43="","",IFERROR(CHOOSE(MATCH($F43,الإعدادات!$B$4:$B$7,0),INDEX('حضور سوريال'!$F$7:$F$36,$O43),INDEX('حضور غبريال'!$F$7:$F$36,$O43),INDEX('حضور رفائيل'!$F$7:$F$36,$O43),INDEX('حضور ميخائيل'!$F$7:$F$36,$O43)),"")) | S43: =IF($O43="","",IFERROR(CHOOSE(MATCH($F43,الإعدادات!$B$4:$B$7,0),INDEX('حضور سوريال'!$G$7:$G$36,$O43),INDEX('حضور غبريال'!$G$7:$G$36,$O43),INDEX('حضور رفائيل'!$G$7:$G$36,$O43),INDEX('حضور ميخائيل'!$G$7:$G$36,$O43)),"")) -> 0 | T43: =IF($O43="","",IFERROR(CHOOSE(MATCH($F43,الإعدادات!$B$4:$B$7,0),INDEX('حضور سوريال'!$H$7:$H$36,$O43),INDEX('حضور غبريال'!$H$7:$H$36,$O43),INDEX('حضور رفائيل'!$H$7:$H$36,$O43),INDEX('حضور ميخائيل'!$H$7:$H$36,$O43)),"")) -> — | U43: =IF($O43="","",IFERROR(CHOOSE(MATCH($F43,الإعدادات!$B$4:$B$7,0),INDEX('حضور سوريال'!$I$7:$I$36,$O43),INDEX('حضور غبريال'!$I$7:$I$36,$O43),INDEX('حضور رفائيل'!$I$7:$I$36,$O43),INDEX('حضور ميخائيل'!$I$7:$I$36,$O43)),"")) -> ⏳ لسه مفيش حضور | V43: =IF($O43="","",IFERROR(CHOOSE(MATCH($F43,الإعدادات!$B$4:$B$7,0),INDEX('حضور سوريال'!$BM$7:$BM$36,$O43),INDEX('حضور غبريال'!$BM$7:$BM$36,$O43),INDEX('حضور رفائيل'!$BM$7:$BM$36,$O43),INDEX('حضور ميخائيل'!$BM$7:$BM$36,$O43)),"")) -> 0 | W43: =IF(OR(V43=3,V43=4),COUNTIFS(V$6:V43,3)+COUNTIFS(V$6:V43,4),"")
A44: =IF(C44="","",ROW()-5) -> 39 | B44: =IF(C44="","","B-"&TEXT(ROW()-5,"000")) -> B-039 | C44: بولا ميشيل رزق يوسف | D44: ولد | E44: سنة تانية | F44: سوريال | G44: لا | H44: 01287025522 | I44: 01060867397 | J44: 11 شارع محمود سامي عامر، المليحة، حدائق القبة، القاهرة؛ الدور 6 | M44: نشط | N44: =IF(O44="","",F44&"|"&O44) -> سوريال|15 | O44: =IF(OR(C44="",F44=""),"",COUNTIFS(F$6:F44,F44,C$6:C44,"<>")) -> 15 | P44: =IF($O44="","",IFERROR(CHOOSE(MATCH($F44,الإعدادات!$B$4:$B$7,0),INDEX('حضور سوريال'!$C$7:$C$36,$O44),INDEX('حضور غبريال'!$C$7:$C$36,$O44),INDEX('حضور رفائيل'!$C$7:$C$36,$O44),INDEX('حضور ميخائيل'!$C$7:$C$36,$O44)),"")) -> 0 | Q44: =IF($O44="","",IFERROR(CHOOSE(MATCH($F44,الإعدادات!$B$4:$B$7,0),INDEX('حضور سوريال'!$D$7:$D$36,$O44),INDEX('حضور غبريال'!$D$7:$D$36,$O44),INDEX('حضور رفائيل'!$D$7:$D$36,$O44),INDEX('حضور ميخائيل'!$D$7:$D$36,$O44)),"")) -> 0 | R44: =IF($O44="","",IFERROR(CHOOSE(MATCH($F44,الإعدادات!$B$4:$B$7,0),INDEX('حضور سوريال'!$F$7:$F$36,$O44),INDEX('حضور غبريال'!$F$7:$F$36,$O44),INDEX('حضور رفائيل'!$F$7:$F$36,$O44),INDEX('حضور ميخائيل'!$F$7:$F$36,$O44)),"")) | S44: =IF($O44="","",IFERROR(CHOOSE(MATCH($F44,الإعدادات!$B$4:$B$7,0),INDEX('حضور سوريال'!$G$7:$G$36,$O44),INDEX('حضور غبريال'!$G$7:$G$36,$O44),INDEX('حضور رفائيل'!$G$7:$G$36,$O44),INDEX('حضور ميخائيل'!$G$7:$G$36,$O44)),"")) -> 0 | T44: =IF($O44="","",IFERROR(CHOOSE(MATCH($F44,الإعدادات!$B$4:$B$7,0),INDEX('حضور سوريال'!$H$7:$H$36,$O44),INDEX('حضور غبريال'!$H$7:$H$36,$O44),INDEX('حضور رفائيل'!$H$7:$H$36,$O44),INDEX('حضور ميخائيل'!$H$7:$H$36,$O44)),"")) -> — | U44: =IF($O44="","",IFERROR(CHOOSE(MATCH($F44,الإعدادات!$B$4:$B$7,0),INDEX('حضور سوريال'!$I$7:$I$36,$O44),INDEX('حضور غبريال'!$I$7:$I$36,$O44),INDEX('حضور رفائيل'!$I$7:$I$36,$O44),INDEX('حضور ميخائيل'!$I$7:$I$36,$O44)),"")) -> ⏳ لسه مفيش حضور | V44: =IF($O44="","",IFERROR(CHOOSE(MATCH($F44,الإعدادات!$B$4:$B$7,0),INDEX('حضور سوريال'!$BM$7:$BM$36,$O44),INDEX('حضور غبريال'!$BM$7:$BM$36,$O44),INDEX('حضور رفائيل'!$BM$7:$BM$36,$O44),INDEX('حضور ميخائيل'!$BM$7:$BM$36,$O44)),"")) -> 0 | W44: =IF(OR(V44=3,V44=4),COUNTIFS(V$6:V44,3)+COUNTIFS(V$6:V44,4),"")
A45: =IF(C45="","",ROW()-5) -> 40 | B45: =IF(C45="","","B-"&TEXT(ROW()-5,"000")) -> B-040 | C45: كريس فيكتور الشحات | D45: ولد | E45: سنة تانية | F45: سوريال | G45: لا | H45: 01094784210 | I45: 01206016411 | J45: 17 شارع أحمد رشاد، النزهة، الإسكندرية؛ شقة 21، الدور 6 | K45: #VALUE! | M45: نشط | N45: =IF(O45="","",F45&"|"&O45) -> سوريال|16 | O45: =IF(OR(C45="",F45=""),"",COUNTIFS(F$6:F45,F45,C$6:C45,"<>")) -> 16 | P45: =IF($O45="","",IFERROR(CHOOSE(MATCH($F45,الإعدادات!$B$4:$B$7,0),INDEX('حضور سوريال'!$C$7:$C$36,$O45),INDEX('حضور غبريال'!$C$7:$C$36,$O45),INDEX('حضور رفائيل'!$C$7:$C$36,$O45),INDEX('حضور ميخائيل'!$C$7:$C$36,$O45)),"")) -> 0 | Q45: =IF($O45="","",IFERROR(CHOOSE(MATCH($F45,الإعدادات!$B$4:$B$7,0),INDEX('حضور سوريال'!$D$7:$D$36,$O45),INDEX('حضور غبريال'!$D$7:$D$36,$O45),INDEX('حضور رفائيل'!$D$7:$D$36,$O45),INDEX('حضور ميخائيل'!$D$7:$D$36,$O45)),"")) -> 0 | R45: =IF($O45="","",IFERROR(CHOOSE(MATCH($F45,الإعدادات!$B$4:$B$7,0),INDEX('حضور سوريال'!$F$7:$F$36,$O45),INDEX('حضور غبريال'!$F$7:$F$36,$O45),INDEX('حضور رفائيل'!$F$7:$F$36,$O45),INDEX('حضور ميخائيل'!$F$7:$F$36,$O45)),"")) | S45: =IF($O45="","",IFERROR(CHOOSE(MATCH($F45,الإعدادات!$B$4:$B$7,0),INDEX('حضور سوريال'!$G$7:$G$36,$O45),INDEX('حضور غبريال'!$G$7:$G$36,$O45),INDEX('حضور رفائيل'!$G$7:$G$36,$O45),INDEX('حضور ميخائيل'!$G$7:$G$36,$O45)),"")) -> 0 | T45: =IF($O45="","",IFERROR(CHOOSE(MATCH($F45,الإعدادات!$B$4:$B$7,0),INDEX('حضور سوريال'!$H$7:$H$36,$O45),INDEX('حضور غبريال'!$H$7:$H$36,$O45),INDEX('حضور رفائيل'!$H$7:$H$36,$O45),INDEX('حضور ميخائيل'!$H$7:$H$36,$O45)),"")) -> — | U45: =IF($O45="","",IFERROR(CHOOSE(MATCH($F45,الإعدادات!$B$4:$B$7,0),INDEX('حضور سوريال'!$I$7:$I$36,$O45),INDEX('حضور غبريال'!$I$7:$I$36,$O45),INDEX('حضور رفائيل'!$I$7:$I$36,$O45),INDEX('حضور ميخائيل'!$I$7:$I$36,$O45)),"")) -> ⏳ لسه مفيش حضور | V45: =IF($O45="","",IFERROR(CHOOSE(MATCH($F45,الإعدادات!$B$4:$B$7,0),INDEX('حضور سوريال'!$BM$7:$BM$36,$O45),INDEX('حضور غبريال'!$BM$7:$BM$36,$O45),INDEX('حضور رفائيل'!$BM$7:$BM$36,$O45),INDEX('حضور ميخائيل'!$BM$7:$BM$36,$O45)),"")) -> 0 | W45: =IF(OR(V45=3,V45=4),COUNTIFS(V$6:V45,3)+COUNTIFS(V$6:V45,4),"")
A46: =IF(C46="","",ROW()-5) -> 41 | B46: =IF(C46="","","B-"&TEXT(ROW()-5,"000")) -> B-041 | C46: مريم نادر امين يعقوب حنا | D46: بنت | E46: سنة تانية | F46: سوريال | G46: لا | H46: 01287124772 | I46: 01227021759 | J46: 24 شارع سعيد علي أحمد، المليحة، حدائق القبة، القاهرة | K46: #VALUE! | M46: نشط | N46: =IF(O46="","",F46&"|"&O46) -> سوريال|17 | O46: =IF(OR(C46="",F46=""),"",COUNTIFS(F$6:F46,F46,C$6:C46,"<>")) -> 17 | P46: =IF($O46="","",IFERROR(CHOOSE(MATCH($F46,الإعدادات!$B$4:$B$7,0),INDEX('حضور سوريال'!$C$7:$C$36,$O46),INDEX('حضور غبريال'!$C$7:$C$36,$O46),INDEX('حضور رفائيل'!$C$7:$C$36,$O46),INDEX('حضور ميخائيل'!$C$7:$C$36,$O46)),"")) -> 0 | Q46: =IF($O46="","",IFERROR(CHOOSE(MATCH($F46,الإعدادات!$B$4:$B$7,0),INDEX('حضور سوريال'!$D$7:$D$36,$O46),INDEX('حضور غبريال'!$D$7:$D$36,$O46),INDEX('حضور رفائيل'!$D$7:$D$36,$O46),INDEX('حضور ميخائيل'!$D$7:$D$36,$O46)),"")) -> 0 | R46: =IF($O46="","",IFERROR(CHOOSE(MATCH($F46,الإعدادات!$B$4:$B$7,0),INDEX('حضور سوريال'!$F$7:$F$36,$O46),INDEX('حضور غبريال'!$F$7:$F$36,$O46),INDEX('حضور رفائيل'!$F$7:$F$36,$O46),INDEX('حضور ميخائيل'!$F$7:$F$36,$O46)),"")) | S46: =IF($O46="","",IFERROR(CHOOSE(MATCH($F46,الإعدادات!$B$4:$B$7,0),INDEX('حضور سوريال'!$G$7:$G$36,$O46),INDEX('حضور غبريال'!$G$7:$G$36,$O46),INDEX('حضور رفائيل'!$G$7:$G$36,$O46),INDEX('حضور ميخائيل'!$G$7:$G$36,$O46)),"")) -> 0 | T46: =IF($O46="","",IFERROR(CHOOSE(MATCH($F46,الإعدادات!$B$4:$B$7,0),INDEX('حضور سوريال'!$H$7:$H$36,$O46),INDEX('حضور غبريال'!$H$7:$H$36,$O46),INDEX('حضور رفائيل'!$H$7:$H$36,$O46),INDEX('حضور ميخائيل'!$H$7:$H$36,$O46)),"")) -> — | U46: =IF($O46="","",IFERROR(CHOOSE(MATCH($F46,الإعدادات!$B$4:$B$7,0),INDEX('حضور سوريال'!$I$7:$I$36,$O46),INDEX('حضور غبريال'!$I$7:$I$36,$O46),INDEX('حضور رفائيل'!$I$7:$I$36,$O46),INDEX('حضور ميخائيل'!$I$7:$I$36,$O46)),"")) -> ⏳ لسه مفيش حضور | V46: =IF($O46="","",IFERROR(CHOOSE(MATCH($F46,الإعدادات!$B$4:$B$7,0),INDEX('حضور سوريال'!$BM$7:$BM$36,$O46),INDEX('حضور غبريال'!$BM$7:$BM$36,$O46),INDEX('حضور رفائيل'!$BM$7:$BM$36,$O46),INDEX('حضور ميخائيل'!$BM$7:$BM$36,$O46)),"")) -> 0 | W46: =IF(OR(V46=3,V46=4),COUNTIFS(V$6:V46,3)+COUNTIFS(V$6:V46,4),"")
A47: =IF(C47="","",ROW()-5) -> 42 | B47: =IF(C47="","","B-"&TEXT(ROW()-5,"000")) -> B-042 | C47: كيريا مدحت كمال قاعود | D47: بنت | E47: سنة تانية | F47: سوريال | G47: لا | H47: 01284238840 | I47: 01206387683 | J47: 3 شارع حسين العقبى، المليحة، حدائق القبة، القاهرة؛ الدور 4 | K47: #VALUE! | M47: نشط | N47: =IF(O47="","",F47&"|"&O47) -> سوريال|18 | O47: =IF(OR(C47="",F47=""),"",COUNTIFS(F$6:F47,F47,C$6:C47,"<>")) -> 18 | P47: =IF($O47="","",IFERROR(CHOOSE(MATCH($F47,الإعدادات!$B$4:$B$7,0),INDEX('حضور سوريال'!$C$7:$C$36,$O47),INDEX('حضور غبريال'!$C$7:$C$36,$O47),INDEX('حضور رفائيل'!$C$7:$C$36,$O47),INDEX('حضور ميخائيل'!$C$7:$C$36,$O47)),"")) -> 0 | Q47: =IF($O47="","",IFERROR(CHOOSE(MATCH($F47,الإعدادات!$B$4:$B$7,0),INDEX('حضور سوريال'!$D$7:$D$36,$O47),INDEX('حضور غبريال'!$D$7:$D$36,$O47),INDEX('حضور رفائيل'!$D$7:$D$36,$O47),INDEX('حضور ميخائيل'!$D$7:$D$36,$O47)),"")) -> 0 | R47: =IF($O47="","",IFERROR(CHOOSE(MATCH($F47,الإعدادات!$B$4:$B$7,0),INDEX('حضور سوريال'!$F$7:$F$36,$O47),INDEX('حضور غبريال'!$F$7:$F$36,$O47),INDEX('حضور رفائيل'!$F$7:$F$36,$O47),INDEX('حضور ميخائيل'!$F$7:$F$36,$O47)),"")) | S47: =IF($O47="","",IFERROR(CHOOSE(MATCH($F47,الإعدادات!$B$4:$B$7,0),INDEX('حضور سوريال'!$G$7:$G$36,$O47),INDEX('حضور غبريال'!$G$7:$G$36,$O47),INDEX('حضور رفائيل'!$G$7:$G$36,$O47),INDEX('حضور ميخائيل'!$G$7:$G$36,$O47)),"")) -> 0 | T47: =IF($O47="","",IFERROR(CHOOSE(MATCH($F47,الإعدادات!$B$4:$B$7,0),INDEX('حضور سوريال'!$H$7:$H$36,$O47),INDEX('حضور غبريال'!$H$7:$H$36,$O47),INDEX('حضور رفائيل'!$H$7:$H$36,$O47),INDEX('حضور ميخائيل'!$H$7:$H$36,$O47)),"")) -> — | U47: =IF($O47="","",IFERROR(CHOOSE(MATCH($F47,الإعدادات!$B$4:$B$7,0),INDEX('حضور سوريال'!$I$7:$I$36,$O47),INDEX('حضور غبريال'!$I$7:$I$36,$O47),INDEX('حضور رفائيل'!$I$7:$I$36,$O47),INDEX('حضور ميخائيل'!$I$7:$I$36,$O47)),"")) -> ⏳ لسه مفيش حضور | V47: =IF($O47="","",IFERROR(CHOOSE(MATCH($F47,الإعدادات!$B$4:$B$7,0),INDEX('حضور سوريال'!$BM$7:$BM$36,$O47),INDEX('حضور غبريال'!$BM$7:$BM$36,$O47),INDEX('حضور رفائيل'!$BM$7:$BM$36,$O47),INDEX('حضور ميخائيل'!$BM$7:$BM$36,$O47)),"")) -> 0 | W47: =IF(OR(V47=3,V47=4),COUNTIFS(V$6:V47,3)+COUNTIFS(V$6:V47,4),"")
A48: =IF(C48="","",ROW()-5) -> 43 | B48: =IF(C48="","","B-"&TEXT(ROW()-5,"000")) -> B-043 | C48: تونی رومانی فخرى فرهود | D48: ولد | E48: سنة تانية | F48: سوريال | G48: لا | H48: 01227395565 | I48: 01276392214 | J48: 22 شارع علي شعراوي، المليحة، حدائق القبة، القاهرة؛ الدور 2، شقة 8 | K48: #VALUE! | M48: نشط | N48: =IF(O48="","",F48&"|"&O48) -> سوريال|19 | O48: =IF(OR(C48="",F48=""),"",COUNTIFS(F$6:F48,F48,C$6:C48,"<>")) -> 19 | P48: =IF($O48="","",IFERROR(CHOOSE(MATCH($F48,الإعدادات!$B$4:$B$7,0),INDEX('حضور سوريال'!$C$7:$C$36,$O48),INDEX('حضور غبريال'!$C$7:$C$36,$O48),INDEX('حضور رفائيل'!$C$7:$C$36,$O48),INDEX('حضور ميخائيل'!$C$7:$C$36,$O48)),"")) -> 0 | Q48: =IF($O48="","",IFERROR(CHOOSE(MATCH($F48,الإعدادات!$B$4:$B$7,0),INDEX('حضور سوريال'!$D$7:$D$36,$O48),INDEX('حضور غبريال'!$D$7:$D$36,$O48),INDEX('حضور رفائيل'!$D$7:$D$36,$O48),INDEX('حضور ميخائيل'!$D$7:$D$36,$O48)),"")) -> 0 | R48: =IF($O48="","",IFERROR(CHOOSE(MATCH($F48,الإعدادات!$B$4:$B$7,0),INDEX('حضور سوريال'!$F$7:$F$36,$O48),INDEX('حضور غبريال'!$F$7:$F$36,$O48),INDEX('حضور رفائيل'!$F$7:$F$36,$O48),INDEX('حضور ميخائيل'!$F$7:$F$36,$O48)),"")) | S48: =IF($O48="","",IFERROR(CHOOSE(MATCH($F48,الإعدادات!$B$4:$B$7,0),INDEX('حضور سوريال'!$G$7:$G$36,$O48),INDEX('حضور غبريال'!$G$7:$G$36,$O48),INDEX('حضور رفائيل'!$G$7:$G$36,$O48),INDEX('حضور ميخائيل'!$G$7:$G$36,$O48)),"")) -> 0 | T48: =IF($O48="","",IFERROR(CHOOSE(MATCH($F48,الإعدادات!$B$4:$B$7,0),INDEX('حضور سوريال'!$H$7:$H$36,$O48),INDEX('حضور غبريال'!$H$7:$H$36,$O48),INDEX('حضور رفائيل'!$H$7:$H$36,$O48),INDEX('حضور ميخائيل'!$H$7:$H$36,$O48)),"")) -> — | U48: =IF($O48="","",IFERROR(CHOOSE(MATCH($F48,الإعدادات!$B$4:$B$7,0),INDEX('حضور سوريال'!$I$7:$I$36,$O48),INDEX('حضور غبريال'!$I$7:$I$36,$O48),INDEX('حضور رفائيل'!$I$7:$I$36,$O48),INDEX('حضور ميخائيل'!$I$7:$I$36,$O48)),"")) -> ⏳ لسه مفيش حضور | V48: =IF($O48="","",IFERROR(CHOOSE(MATCH($F48,الإعدادات!$B$4:$B$7,0),INDEX('حضور سوريال'!$BM$7:$BM$36,$O48),INDEX('حضور غبريال'!$BM$7:$BM$36,$O48),INDEX('حضور رفائيل'!$BM$7:$BM$36,$O48),INDEX('حضور ميخائيل'!$BM$7:$BM$36,$O48)),"")) -> 0 | W48: =IF(OR(V48=3,V48=4),COUNTIFS(V$6:V48,3)+COUNTIFS(V$6:V48,4),"")
A49: =IF(C49="","",ROW()-5) -> 44 | B49: =IF(C49="","","B-"&TEXT(ROW()-5,"000")) -> B-044 | C49: مارتسيا سامح ميلاد | D49: بنت | E49: سنة تانية | F49: سوريال | G49: لا | H49: 01201432926 | I49: 01201432926 | J49: 15 شارع فوزي كيرلس، منطقة 5، المليحة، حدائق القبة، القاهرة؛ الدور 4 | M49: نشط | N49: =IF(O49="","",F49&"|"&O49) -> سوريال|20 | O49: =IF(OR(C49="",F49=""),"",COUNTIFS(F$6:F49,F49,C$6:C49,"<>")) -> 20 | P49: =IF($O49="","",IFERROR(CHOOSE(MATCH($F49,الإعدادات!$B$4:$B$7,0),INDEX('حضور سوريال'!$C$7:$C$36,$O49),INDEX('حضور غبريال'!$C$7:$C$36,$O49),INDEX('حضور رفائيل'!$C$7:$C$36,$O49),INDEX('حضور ميخائيل'!$C$7:$C$36,$O49)),"")) -> 0 | Q49: =IF($O49="","",IFERROR(CHOOSE(MATCH($F49,الإعدادات!$B$4:$B$7,0),INDEX('حضور سوريال'!$D$7:$D$36,$O49),INDEX('حضور غبريال'!$D$7:$D$36,$O49),INDEX('حضور رفائيل'!$D$7:$D$36,$O49),INDEX('حضور ميخائيل'!$D$7:$D$36,$O49)),"")) -> 0 | R49: =IF($O49="","",IFERROR(CHOOSE(MATCH($F49,الإعدادات!$B$4:$B$7,0),INDEX('حضور سوريال'!$F$7:$F$36,$O49),INDEX('حضور غبريال'!$F$7:$F$36,$O49),INDEX('حضور رفائيل'!$F$7:$F$36,$O49),INDEX('حضور ميخائيل'!$F$7:$F$36,$O49)),"")) | S49: =IF($O49="","",IFERROR(CHOOSE(MATCH($F49,الإعدادات!$B$4:$B$7,0),INDEX('حضور سوريال'!$G$7:$G$36,$O49),INDEX('حضور غبريال'!$G$7:$G$36,$O49),INDEX('حضور رفائيل'!$G$7:$G$36,$O49),INDEX('حضور ميخائيل'!$G$7:$G$36,$O49)),"")) -> 0 | T49: =IF($O49="","",IFERROR(CHOOSE(MATCH($F49,الإعدادات!$B$4:$B$7,0),INDEX('حضور سوريال'!$H$7:$H$36,$O49),INDEX('حضور غبريال'!$H$7:$H$36,$O49),INDEX('حضور رفائيل'!$H$7:$H$36,$O49),INDEX('حضور ميخائيل'!$H$7:$H$36,$O49)),"")) -> — | U49: =IF($O49="","",IFERROR(CHOOSE(MATCH($F49,الإعدادات!$B$4:$B$7,0),INDEX('حضور سوريال'!$I$7:$I$36,$O49),INDEX('حضور غبريال'!$I$7:$I$36,$O49),INDEX('حضور رفائيل'!$I$7:$I$36,$O49),INDEX('حضور ميخائيل'!$I$7:$I$36,$O49)),"")) -> ⏳ لسه مفيش حضور | V49: =IF($O49="","",IFERROR(CHOOSE(MATCH($F49,الإعدادات!$B$4:$B$7,0),INDEX('حضور سوريال'!$BM$7:$BM$36,$O49),INDEX('حضور غبريال'!$BM$7:$BM$36,$O49),INDEX('حضور رفائيل'!$BM$7:$BM$36,$O49),INDEX('حضور ميخائيل'!$BM$7:$BM$36,$O49)),"")) -> 0 | W49: =IF(OR(V49=3,V49=4),COUNTIFS(V$6:V49,3)+COUNTIFS(V$6:V49,4),"")
A50: =IF(C50="","",ROW()-5) -> 45 | B50: =IF(C50="","","B-"&TEXT(ROW()-5,"000")) -> B-045 | C50: ماثيو مينا مجدى | D50: ولد | E50: سنة تانية | F50: سوريال | G50: لا | H50: 01208403031 | I50: 01208403031 | J50: 12 شارع روفائيل سليمان، المليحة، حدائق القبة، القاهرة؛ شقة 12، الدور 12 | M50: نشط | N50: =IF(O50="","",F50&"|"&O50) -> سوريال|21 | O50: =IF(OR(C50="",F50=""),"",COUNTIFS(F$6:F50,F50,C$6:C50,"<>")) -> 21 | P50: =IF($O50="","",IFERROR(CHOOSE(MATCH($F50,الإعدادات!$B$4:$B$7,0),INDEX('حضور سوريال'!$C$7:$C$36,$O50),INDEX('حضور غبريال'!$C$7:$C$36,$O50),INDEX('حضور رفائيل'!$C$7:$C$36,$O50),INDEX('حضور ميخائيل'!$C$7:$C$36,$O50)),"")) -> 0 | Q50: =IF($O50="","",IFERROR(CHOOSE(MATCH($F50,الإعدادات!$B$4:$B$7,0),INDEX('حضور سوريال'!$D$7:$D$36,$O50),INDEX('حضور غبريال'!$D$7:$D$36,$O50),INDEX('حضور رفائيل'!$D$7:$D$36,$O50),INDEX('حضور ميخائيل'!$D$7:$D$36,$O50)),"")) -> 0 | R50: =IF($O50="","",IFERROR(CHOOSE(MATCH($F50,الإعدادات!$B$4:$B$7,0),INDEX('حضور سوريال'!$F$7:$F$36,$O50),INDEX('حضور غبريال'!$F$7:$F$36,$O50),INDEX('حضور رفائيل'!$F$7:$F$36,$O50),INDEX('حضور ميخائيل'!$F$7:$F$36,$O50)),"")) | S50: =IF($O50="","",IFERROR(CHOOSE(MATCH($F50,الإعدادات!$B$4:$B$7,0),INDEX('حضور سوريال'!$G$7:$G$36,$O50),INDEX('حضور غبريال'!$G$7:$G$36,$O50),INDEX('حضور رفائيل'!$G$7:$G$36,$O50),INDEX('حضور ميخائيل'!$G$7:$G$36,$O50)),"")) -> 0 | T50: =IF($O50="","",IFERROR(CHOOSE(MATCH($F50,الإعدادات!$B$4:$B$7,0),INDEX('حضور سوريال'!$H$7:$H$36,$O50),INDEX('حضور غبريال'!$H$7:$H$36,$O50),INDEX('حضور رفائيل'!$H$7:$H$36,$O50),INDEX('حضور ميخائيل'!$H$7:$H$36,$O50)),"")) -> — | U50: =IF($O50="","",IFERROR(CHOOSE(MATCH($F50,الإعدادات!$B$4:$B$7,0),INDEX('حضور سوريال'!$I$7:$I$36,$O50),INDEX('حضور غبريال'!$I$7:$I$36,$O50),INDEX('حضور رفائيل'!$I$7:$I$36,$O50),INDEX('حضور ميخائيل'!$I$7:$I$36,$O50)),"")) -> ⏳ لسه مفيش حضور | V50: =IF($O50="","",IFERROR(CHOOSE(MATCH($F50,الإعدادات!$B$4:$B$7,0),INDEX('حضور سوريال'!$BM$7:$BM$36,$O50),INDEX('حضور غبريال'!$BM$7:$BM$36,$O50),INDEX('حضور رفائيل'!$BM$7:$BM$36,$O50),INDEX('حضور ميخائيل'!$BM$7:$BM$36,$O50)),"")) -> 0 | W50: =IF(OR(V50=3,V50=4),COUNTIFS(V$6:V50,3)+COUNTIFS(V$6:V50,4),"")
A51: =IF(C51="","",ROW()-5) -> 46 | B51: =IF(C51="","","B-"&TEXT(ROW()-5,"000")) -> B-046 | C51: كاراس سمير توفيق شفيق | D51: ولد | E51: سنة تانية | F51: سوريال | G51: لا | H51: 01211025537 | I51: 01201449110 | J51: 30 شارع دياب فهمي، المليحة، حدائق القبة، القاهرة؛ شقة 7، الدور 4 | K51: #VALUE! | M51: نشط | N51: =IF(O51="","",F51&"|"&O51) -> سوريال|22 | O51: =IF(OR(C51="",F51=""),"",COUNTIFS(F$6:F51,F51,C$6:C51,"<>")) -> 22 | P51: =IF($O51="","",IFERROR(CHOOSE(MATCH($F51,الإعدادات!$B$4:$B$7,0),INDEX('حضور سوريال'!$C$7:$C$36,$O51),INDEX('حضور غبريال'!$C$7:$C$36,$O51),INDEX('حضور رفائيل'!$C$7:$C$36,$O51),INDEX('حضور ميخائيل'!$C$7:$C$36,$O51)),"")) -> 0 | Q51: =IF($O51="","",IFERROR(CHOOSE(MATCH($F51,الإعدادات!$B$4:$B$7,0),INDEX('حضور سوريال'!$D$7:$D$36,$O51),INDEX('حضور غبريال'!$D$7:$D$36,$O51),INDEX('حضور رفائيل'!$D$7:$D$36,$O51),INDEX('حضور ميخائيل'!$D$7:$D$36,$O51)),"")) -> 0 | R51: =IF($O51="","",IFERROR(CHOOSE(MATCH($F51,الإعدادات!$B$4:$B$7,0),INDEX('حضور سوريال'!$F$7:$F$36,$O51),INDEX('حضور غبريال'!$F$7:$F$36,$O51),INDEX('حضور رفائيل'!$F$7:$F$36,$O51),INDEX('حضور ميخائيل'!$F$7:$F$36,$O51)),"")) | S51: =IF($O51="","",IFERROR(CHOOSE(MATCH($F51,الإعدادات!$B$4:$B$7,0),INDEX('حضور سوريال'!$G$7:$G$36,$O51),INDEX('حضور غبريال'!$G$7:$G$36,$O51),INDEX('حضور رفائيل'!$G$7:$G$36,$O51),INDEX('حضور ميخائيل'!$G$7:$G$36,$O51)),"")) -> 0 | T51: =IF($O51="","",IFERROR(CHOOSE(MATCH($F51,الإعدادات!$B$4:$B$7,0),INDEX('حضور سوريال'!$H$7:$H$36,$O51),INDEX('حضور غبريال'!$H$7:$H$36,$O51),INDEX('حضور رفائيل'!$H$7:$H$36,$O51),INDEX('حضور ميخائيل'!$H$7:$H$36,$O51)),"")) -> — | U51: =IF($O51="","",IFERROR(CHOOSE(MATCH($F51,الإعدادات!$B$4:$B$7,0),INDEX('حضور سوريال'!$I$7:$I$36,$O51),INDEX('حضور غبريال'!$I$7:$I$36,$O51),INDEX('حضور رفائيل'!$I$7:$I$36,$O51),INDEX('حضور ميخائيل'!$I$7:$I$36,$O51)),"")) -> ⏳ لسه مفيش حضور | V51: =IF($O51="","",IFERROR(CHOOSE(MATCH($F51,الإعدادات!$B$4:$B$7,0),INDEX('حضور سوريال'!$BM$7:$BM$36,$O51),INDEX('حضور غبريال'!$BM$7:$BM$36,$O51),INDEX('حضور رفائيل'!$BM$7:$BM$36,$O51),INDEX('حضور ميخائيل'!$BM$7:$BM$36,$O51)),"")) -> 0 | W51: =IF(OR(V51=3,V51=4),COUNTIFS(V$6:V51,3)+COUNTIFS(V$6:V51,4),"")
A52: =IF(C52="","",ROW()-5) -> 47 | B52: =IF(C52="","","B-"&TEXT(ROW()-5,"000")) -> B-047 | C52: روفانيو مينا ناجى | D52: ولد | E52: سنة تانية | F52: سوريال | G52: لا | H52: 01220413105 | I52: 01202730132 | J52: 39 شارع الحضانة رقم أول مكرر، عزبة منصور، شبرا الخيمة، القليوبية | M52: نشط | N52: =IF(O52="","",F52&"|"&O52) -> سوريال|23 | O52: =IF(OR(C52="",F52=""),"",COUNTIFS(F$6:F52,F52,C$6:C52,"<>")) -> 23 | P52: =IF($O52="","",IFERROR(CHOOSE(MATCH($F52,الإعدادات!$B$4:$B$7,0),INDEX('حضور سوريال'!$C$7:$C$36,$O52),INDEX('حضور غبريال'!$C$7:$C$36,$O52),INDEX('حضور رفائيل'!$C$7:$C$36,$O52),INDEX('حضور ميخائيل'!$C$7:$C$36,$O52)),"")) -> 0 | Q52: =IF($O52="","",IFERROR(CHOOSE(MATCH($F52,الإعدادات!$B$4:$B$7,0),INDEX('حضور سوريال'!$D$7:$D$36,$O52),INDEX('حضور غبريال'!$D$7:$D$36,$O52),INDEX('حضور رفائيل'!$D$7:$D$36,$O52),INDEX('حضور ميخائيل'!$D$7:$D$36,$O52)),"")) -> 0 | R52: =IF($O52="","",IFERROR(CHOOSE(MATCH($F52,الإعدادات!$B$4:$B$7,0),INDEX('حضور سوريال'!$F$7:$F$36,$O52),INDEX('حضور غبريال'!$F$7:$F$36,$O52),INDEX('حضور رفائيل'!$F$7:$F$36,$O52),INDEX('حضور ميخائيل'!$F$7:$F$36,$O52)),"")) | S52: =IF($O52="","",IFERROR(CHOOSE(MATCH($F52,الإعدادات!$B$4:$B$7,0),INDEX('حضور سوريال'!$G$7:$G$36,$O52),INDEX('حضور غبريال'!$G$7:$G$36,$O52),INDEX('حضور رفائيل'!$G$7:$G$36,$O52),INDEX('حضور ميخائيل'!$G$7:$G$36,$O52)),"")) -> 0 | T52: =IF($O52="","",IFERROR(CHOOSE(MATCH($F52,الإعدادات!$B$4:$B$7,0),INDEX('حضور سوريال'!$H$7:$H$36,$O52),INDEX('حضور غبريال'!$H$7:$H$36,$O52),INDEX('حضور رفائيل'!$H$7:$H$36,$O52),INDEX('حضور ميخائيل'!$H$7:$H$36,$O52)),"")) -> — | U52: =IF($O52="","",IFERROR(CHOOSE(MATCH($F52,الإعدادات!$B$4:$B$7,0),INDEX('حضور سوريال'!$I$7:$I$36,$O52),INDEX('حضور غبريال'!$I$7:$I$36,$O52),INDEX('حضور رفائيل'!$I$7:$I$36,$O52),INDEX('حضور ميخائيل'!$I$7:$I$36,$O52)),"")) -> ⏳ لسه مفيش حضور | V52: =IF($O52="","",IFERROR(CHOOSE(MATCH($F52,الإعدادات!$B$4:$B$7,0),INDEX('حضور سوريال'!$BM$7:$BM$36,$O52),INDEX('حضور غبريال'!$BM$7:$BM$36,$O52),INDEX('حضور رفائيل'!$BM$7:$BM$36,$O52),INDEX('حضور ميخائيل'!$BM$7:$BM$36,$O52)),"")) -> 0 | W52: =IF(OR(V52=3,V52=4),COUNTIFS(V$6:V52,3)+COUNTIFS(V$6:V52,4),"")
A53: =IF(C53="","",ROW()-5) -> 48 | B53: =IF(C53="","","B-"&TEXT(ROW()-5,"000")) -> B-048 | C53: مارك مايكل نبيل نجيب | D53: ولد | E53: سنة تانية | F53: سوريال | G53: لا | H53: 01286886002 | I53: 01286886002 | J53: 863 شارع بورسعيد، المليحة، حدائق القبة، القاهرة؛ الدور الأرضي شمال السلم | M53: نشط | N53: =IF(O53="","",F53&"|"&O53) -> سوريال|24 | O53: =IF(OR(C53="",F53=""),"",COUNTIFS(F$6:F53,F53,C$6:C53,"<>")) -> 24 | P53: =IF($O53="","",IFERROR(CHOOSE(MATCH($F53,الإعدادات!$B$4:$B$7,0),INDEX('حضور سوريال'!$C$7:$C$36,$O53),INDEX('حضور غبريال'!$C$7:$C$36,$O53),INDEX('حضور رفائيل'!$C$7:$C$36,$O53),INDEX('حضور ميخائيل'!$C$7:$C$36,$O53)),"")) -> 0 | Q53: =IF($O53="","",IFERROR(CHOOSE(MATCH($F53,الإعدادات!$B$4:$B$7,0),INDEX('حضور سوريال'!$D$7:$D$36,$O53),INDEX('حضور غبريال'!$D$7:$D$36,$O53),INDEX('حضور رفائيل'!$D$7:$D$36,$O53),INDEX('حضور ميخائيل'!$D$7:$D$36,$O53)),"")) -> 0 | R53: =IF($O53="","",IFERROR(CHOOSE(MATCH($F53,الإعدادات!$B$4:$B$7,0),INDEX('حضور سوريال'!$F$7:$F$36,$O53),INDEX('حضور غبريال'!$F$7:$F$36,$O53),INDEX('حضور رفائيل'!$F$7:$F$36,$O53),INDEX('حضور ميخائيل'!$F$7:$F$36,$O53)),"")) | S53: =IF($O53="","",IFERROR(CHOOSE(MATCH($F53,الإعدادات!$B$4:$B$7,0),INDEX('حضور سوريال'!$G$7:$G$36,$O53),INDEX('حضور غبريال'!$G$7:$G$36,$O53),INDEX('حضور رفائيل'!$G$7:$G$36,$O53),INDEX('حضور ميخائيل'!$G$7:$G$36,$O53)),"")) -> 0 | T53: =IF($O53="","",IFERROR(CHOOSE(MATCH($F53,الإعدادات!$B$4:$B$7,0),INDEX('حضور سوريال'!$H$7:$H$36,$O53),INDEX('حضور غبريال'!$H$7:$H$36,$O53),INDEX('حضور رفائيل'!$H$7:$H$36,$O53),INDEX('حضور ميخائيل'!$H$7:$H$36,$O53)),"")) -> — | U53: =IF($O53="","",IFERROR(CHOOSE(MATCH($F53,الإعدادات!$B$4:$B$7,0),INDEX('حضور سوريال'!$I$7:$I$36,$O53),INDEX('حضور غبريال'!$I$7:$I$36,$O53),INDEX('حضور رفائيل'!$I$7:$I$36,$O53),INDEX('حضور ميخائيل'!$I$7:$I$36,$O53)),"")) -> ⏳ لسه مفيش حضور | V53: =IF($O53="","",IFERROR(CHOOSE(MATCH($F53,الإعدادات!$B$4:$B$7,0),INDEX('حضور سوريال'!$BM$7:$BM$36,$O53),INDEX('حضور غبريال'!$BM$7:$BM$36,$O53),INDEX('حضور رفائيل'!$BM$7:$BM$36,$O53),INDEX('حضور ميخائيل'!$BM$7:$BM$36,$O53)),"")) -> 0 | W53: =IF(OR(V53=3,V53=4),COUNTIFS(V$6:V53,3)+COUNTIFS(V$6:V53,4),"")
A54: =IF(C54="","",ROW()-5) -> 49 | B54: =IF(C54="","","B-"&TEXT(ROW()-5,"000")) -> B-049 | C54: ابانوب منير وديع | D54: ولد | E54: سنة أولى | F54: ميخائيل | G54: لا | H54: 01212074732 | J54: 11 شارع نصر الدين محمد الدور 3 | N54: =IF(O54="","",F54&"|"&O54) -> ميخائيل|1 | O54: =IF(OR(C54="",F54=""),"",COUNTIFS(F$6:F54,F54,C$6:C54,"<>")) -> 1 | P54: =IF($O54="","",IFERROR(CHOOSE(MATCH($F54,الإعدادات!$B$4:$B$7,0),INDEX('حضور سوريال'!$C$7:$C$36,$O54),INDEX('حضور غبريال'!$C$7:$C$36,$O54),INDEX('حضور رفائيل'!$C$7:$C$36,$O54),INDEX('حضور ميخائيل'!$C$7:$C$36,$O54)),"")) -> 0 | Q54: =IF($O54="","",IFERROR(CHOOSE(MATCH($F54,الإعدادات!$B$4:$B$7,0),INDEX('حضور سوريال'!$D$7:$D$36,$O54),INDEX('حضور غبريال'!$D$7:$D$36,$O54),INDEX('حضور رفائيل'!$D$7:$D$36,$O54),INDEX('حضور ميخائيل'!$D$7:$D$36,$O54)),"")) -> 0 | R54: =IF($O54="","",IFERROR(CHOOSE(MATCH($F54,الإعدادات!$B$4:$B$7,0),INDEX('حضور سوريال'!$F$7:$F$36,$O54),INDEX('حضور غبريال'!$F$7:$F$36,$O54),INDEX('حضور رفائيل'!$F$7:$F$36,$O54),INDEX('حضور ميخائيل'!$F$7:$F$36,$O54)),"")) | S54: =IF($O54="","",IFERROR(CHOOSE(MATCH($F54,الإعدادات!$B$4:$B$7,0),INDEX('حضور سوريال'!$G$7:$G$36,$O54),INDEX('حضور غبريال'!$G$7:$G$36,$O54),INDEX('حضور رفائيل'!$G$7:$G$36,$O54),INDEX('حضور ميخائيل'!$G$7:$G$36,$O54)),"")) -> 0 | T54: =IF($O54="","",IFERROR(CHOOSE(MATCH($F54,الإعدادات!$B$4:$B$7,0),INDEX('حضور سوريال'!$H$7:$H$36,$O54),INDEX('حضور غبريال'!$H$7:$H$36,$O54),INDEX('حضور رفائيل'!$H$7:$H$36,$O54),INDEX('حضور ميخائيل'!$H$7:$H$36,$O54)),"")) -> — | U54: =IF($O54="","",IFERROR(CHOOSE(MATCH($F54,الإعدادات!$B$4:$B$7,0),INDEX('حضور سوريال'!$I$7:$I$36,$O54),INDEX('حضور غبريال'!$I$7:$I$36,$O54),INDEX('حضور رفائيل'!$I$7:$I$36,$O54),INDEX('حضور ميخائيل'!$I$7:$I$36,$O54)),"")) -> ⏳ لسه مفيش حضور | V54: =IF($O54="","",IFERROR(CHOOSE(MATCH($F54,الإعدادات!$B$4:$B$7,0),INDEX('حضور سوريال'!$BM$7:$BM$36,$O54),INDEX('حضور غبريال'!$BM$7:$BM$36,$O54),INDEX('حضور رفائيل'!$BM$7:$BM$36,$O54),INDEX('حضور ميخائيل'!$BM$7:$BM$36,$O54)),"")) -> 0 | W54: =IF(OR(V54=3,V54=4),COUNTIFS(V$6:V54,3)+COUNTIFS(V$6:V54,4),"")
A55: =IF(C55="","",ROW()-5) -> 50 | B55: =IF(C55="","","B-"&TEXT(ROW()-5,"000")) -> B-050 | C55: اماليا جون حلمى | D55: بنت | E55: سنة أولى | F55: ميخائيل | G55: لا | H55: 01276233526 | J55: 19 شارع 6 اكتوبر متفرع من جمال عبد الناصر الحرفين | N55: =IF(O55="","",F55&"|"&O55) -> ميخائيل|2 | O55: =IF(OR(C55="",F55=""),"",COUNTIFS(F$6:F55,F55,C$6:C55,"<>")) -> 2 | P55: =IF($O55="","",IFERROR(CHOOSE(MATCH($F55,الإعدادات!$B$4:$B$7,0),INDEX('حضور سوريال'!$C$7:$C$36,$O55),INDEX('حضور غبريال'!$C$7:$C$36,$O55),INDEX('حضور رفائيل'!$C$7:$C$36,$O55),INDEX('حضور ميخائيل'!$C$7:$C$36,$O55)),"")) -> 0 | Q55: =IF($O55="","",IFERROR(CHOOSE(MATCH($F55,الإعدادات!$B$4:$B$7,0),INDEX('حضور سوريال'!$D$7:$D$36,$O55),INDEX('حضور غبريال'!$D$7:$D$36,$O55),INDEX('حضور رفائيل'!$D$7:$D$36,$O55),INDEX('حضور ميخائيل'!$D$7:$D$36,$O55)),"")) -> 0 | R55: =IF($O55="","",IFERROR(CHOOSE(MATCH($F55,الإعدادات!$B$4:$B$7,0),INDEX('حضور سوريال'!$F$7:$F$36,$O55),INDEX('حضور غبريال'!$F$7:$F$36,$O55),INDEX('حضور رفائيل'!$F$7:$F$36,$O55),INDEX('حضور ميخائيل'!$F$7:$F$36,$O55)),"")) | S55: =IF($O55="","",IFERROR(CHOOSE(MATCH($F55,الإعدادات!$B$4:$B$7,0),INDEX('حضور سوريال'!$G$7:$G$36,$O55),INDEX('حضور غبريال'!$G$7:$G$36,$O55),INDEX('حضور رفائيل'!$G$7:$G$36,$O55),INDEX('حضور ميخائيل'!$G$7:$G$36,$O55)),"")) -> 0 | T55: =IF($O55="","",IFERROR(CHOOSE(MATCH($F55,الإعدادات!$B$4:$B$7,0),INDEX('حضور سوريال'!$H$7:$H$36,$O55),INDEX('حضور غبريال'!$H$7:$H$36,$O55),INDEX('حضور رفائيل'!$H$7:$H$36,$O55),INDEX('حضور ميخائيل'!$H$7:$H$36,$O55)),"")) -> — | U55: =IF($O55="","",IFERROR(CHOOSE(MATCH($F55,الإعدادات!$B$4:$B$7,0),INDEX('حضور سوريال'!$I$7:$I$36,$O55),INDEX('حضور غبريال'!$I$7:$I$36,$O55),INDEX('حضور رفائيل'!$I$7:$I$36,$O55),INDEX('حضور ميخائيل'!$I$7:$I$36,$O55)),"")) -> ⏳ لسه مفيش حضور | V55: =IF($O55="","",IFERROR(CHOOSE(MATCH($F55,الإعدادات!$B$4:$B$7,0),INDEX('حضور سوريال'!$BM$7:$BM$36,$O55),INDEX('حضور غبريال'!$BM$7:$BM$36,$O55),INDEX('حضور رفائيل'!$BM$7:$BM$36,$O55),INDEX('حضور ميخائيل'!$BM$7:$BM$36,$O55)),"")) -> 0 | W55: =IF(OR(V55=3,V55=4),COUNTIFS(V$6:V55,3)+COUNTIFS(V$6:V55,4),"")
A56: =IF(C56="","",ROW()-5) -> 51 | B56: =IF(C56="","","B-"&TEXT(ROW()-5,"000")) -> B-051 | C56: ايفان رامى نجيب | D56: ولد | E56: سنة أولى | F56: ميخائيل | G56: لا | H56: 01283805796 | I56: 01224151421 | J56: 89 شارع محمد البوصيري - النزهة شقة 1 دور 3 | N56: =IF(O56="","",F56&"|"&O56) -> ميخائيل|3 | O56: =IF(OR(C56="",F56=""),"",COUNTIFS(F$6:F56,F56,C$6:C56,"<>")) -> 3 | P56: =IF($O56="","",IFERROR(CHOOSE(MATCH($F56,الإعدادات!$B$4:$B$7,0),INDEX('حضور سوريال'!$C$7:$C$36,$O56),INDEX('حضور غبريال'!$C$7:$C$36,$O56),INDEX('حضور رفائيل'!$C$7:$C$36,$O56),INDEX('حضور ميخائيل'!$C$7:$C$36,$O56)),"")) -> 0 | Q56: =IF($O56="","",IFERROR(CHOOSE(MATCH($F56,الإعدادات!$B$4:$B$7,0),INDEX('حضور سوريال'!$D$7:$D$36,$O56),INDEX('حضور غبريال'!$D$7:$D$36,$O56),INDEX('حضور رفائيل'!$D$7:$D$36,$O56),INDEX('حضور ميخائيل'!$D$7:$D$36,$O56)),"")) -> 0 | R56: =IF($O56="","",IFERROR(CHOOSE(MATCH($F56,الإعدادات!$B$4:$B$7,0),INDEX('حضور سوريال'!$F$7:$F$36,$O56),INDEX('حضور غبريال'!$F$7:$F$36,$O56),INDEX('حضور رفائيل'!$F$7:$F$36,$O56),INDEX('حضور ميخائيل'!$F$7:$F$36,$O56)),"")) | S56: =IF($O56="","",IFERROR(CHOOSE(MATCH($F56,الإعدادات!$B$4:$B$7,0),INDEX('حضور سوريال'!$G$7:$G$36,$O56),INDEX('حضور غبريال'!$G$7:$G$36,$O56),INDEX('حضور رفائيل'!$G$7:$G$36,$O56),INDEX('حضور ميخائيل'!$G$7:$G$36,$O56)),"")) -> 0 | T56: =IF($O56="","",IFERROR(CHOOSE(MATCH($F56,الإعدادات!$B$4:$B$7,0),INDEX('حضور سوريال'!$H$7:$H$36,$O56),INDEX('حضور غبريال'!$H$7:$H$36,$O56),INDEX('حضور رفائيل'!$H$7:$H$36,$O56),INDEX('حضور ميخائيل'!$H$7:$H$36,$O56)),"")) -> — | U56: =IF($O56="","",IFERROR(CHOOSE(MATCH($F56,الإعدادات!$B$4:$B$7,0),INDEX('حضور سوريال'!$I$7:$I$36,$O56),INDEX('حضور غبريال'!$I$7:$I$36,$O56),INDEX('حضور رفائيل'!$I$7:$I$36,$O56),INDEX('حضور ميخائيل'!$I$7:$I$36,$O56)),"")) -> ⏳ لسه مفيش حضور | V56: =IF($O56="","",IFERROR(CHOOSE(MATCH($F56,الإعدادات!$B$4:$B$7,0),INDEX('حضور سوريال'!$BM$7:$BM$36,$O56),INDEX('حضور غبريال'!$BM$7:$BM$36,$O56),INDEX('حضور رفائيل'!$BM$7:$BM$36,$O56),INDEX('حضور ميخائيل'!$BM$7:$BM$36,$O56)),"")) -> 0 | W56: =IF(OR(V56=3,V56=4),COUNTIFS(V$6:V56,3)+COUNTIFS(V$6:V56,4),"")
A57: =IF(C57="","",ROW()-5) -> 52 | B57: =IF(C57="","","B-"&TEXT(ROW()-5,"000")) -> B-052 | C57: بتول سامح عطية | D57: بنت | E57: سنة أولى | F57: ميخائيل | G57: لا | H57: 01276651727 | I57: 01226847429 | N57: =IF(O57="","",F57&"|"&O57) -> ميخائيل|4 | O57: =IF(OR(C57="",F57=""),"",COUNTIFS(F$6:F57,F57,C$6:C57,"<>")) -> 4 | P57: =IF($O57="","",IFERROR(CHOOSE(MATCH($F57,الإعدادات!$B$4:$B$7,0),INDEX('حضور سوريال'!$C$7:$C$36,$O57),INDEX('حضور غبريال'!$C$7:$C$36,$O57),INDEX('حضور رفائيل'!$C$7:$C$36,$O57),INDEX('حضور ميخائيل'!$C$7:$C$36,$O57)),"")) -> 0 | Q57: =IF($O57="","",IFERROR(CHOOSE(MATCH($F57,الإعدادات!$B$4:$B$7,0),INDEX('حضور سوريال'!$D$7:$D$36,$O57),INDEX('حضور غبريال'!$D$7:$D$36,$O57),INDEX('حضور رفائيل'!$D$7:$D$36,$O57),INDEX('حضور ميخائيل'!$D$7:$D$36,$O57)),"")) -> 0 | R57: =IF($O57="","",IFERROR(CHOOSE(MATCH($F57,الإعدادات!$B$4:$B$7,0),INDEX('حضور سوريال'!$F$7:$F$36,$O57),INDEX('حضور غبريال'!$F$7:$F$36,$O57),INDEX('حضور رفائيل'!$F$7:$F$36,$O57),INDEX('حضور ميخائيل'!$F$7:$F$36,$O57)),"")) | S57: =IF($O57="","",IFERROR(CHOOSE(MATCH($F57,الإعدادات!$B$4:$B$7,0),INDEX('حضور سوريال'!$G$7:$G$36,$O57),INDEX('حضور غبريال'!$G$7:$G$36,$O57),INDEX('حضور رفائيل'!$G$7:$G$36,$O57),INDEX('حضور ميخائيل'!$G$7:$G$36,$O57)),"")) -> 0 | T57: =IF($O57="","",IFERROR(CHOOSE(MATCH($F57,الإعدادات!$B$4:$B$7,0),INDEX('حضور سوريال'!$H$7:$H$36,$O57),INDEX('حضور غبريال'!$H$7:$H$36,$O57),INDEX('حضور رفائيل'!$H$7:$H$36,$O57),INDEX('حضور ميخائيل'!$H$7:$H$36,$O57)),"")) -> — | U57: =IF($O57="","",IFERROR(CHOOSE(MATCH($F57,الإعدادات!$B$4:$B$7,0),INDEX('حضور سوريال'!$I$7:$I$36,$O57),INDEX('حضور غبريال'!$I$7:$I$36,$O57),INDEX('حضور رفائيل'!$I$7:$I$36,$O57),INDEX('حضور ميخائيل'!$I$7:$I$36,$O57)),"")) -> ⏳ لسه مفيش حضور | V57: =IF($O57="","",IFERROR(CHOOSE(MATCH($F57,الإعدادات!$B$4:$B$7,0),INDEX('حضور سوريال'!$BM$7:$BM$36,$O57),INDEX('حضور غبريال'!$BM$7:$BM$36,$O57),INDEX('حضور رفائيل'!$BM$7:$BM$36,$O57),INDEX('حضور ميخائيل'!$BM$7:$BM$36,$O57)),"")) -> 0 | W57: =IF(OR(V57=3,V57=4),COUNTIFS(V$6:V57,3)+COUNTIFS(V$6:V57,4),"")
A58: =IF(C58="","",ROW()-5) -> 53 | B58: =IF(C58="","","B-"&TEXT(ROW()-5,"000")) -> B-053 | C58: بولا ميلاد لبيب | D58: ولد | E58: سنة أولى | F58: ميخائيل | G58: لا | H58: 01226092138 | J58: 18 شارع زمزم متفرع من سيد حمادة الخصوص | N58: =IF(O58="","",F58&"|"&O58) -> ميخائيل|5 | O58: =IF(OR(C58="",F58=""),"",COUNTIFS(F$6:F58,F58,C$6:C58,"<>")) -> 5 | P58: =IF($O58="","",IFERROR(CHOOSE(MATCH($F58,الإعدادات!$B$4:$B$7,0),INDEX('حضور سوريال'!$C$7:$C$36,$O58),INDEX('حضور غبريال'!$C$7:$C$36,$O58),INDEX('حضور رفائيل'!$C$7:$C$36,$O58),INDEX('حضور ميخائيل'!$C$7:$C$36,$O58)),"")) -> 0 | Q58: =IF($O58="","",IFERROR(CHOOSE(MATCH($F58,الإعدادات!$B$4:$B$7,0),INDEX('حضور سوريال'!$D$7:$D$36,$O58),INDEX('حضور غبريال'!$D$7:$D$36,$O58),INDEX('حضور رفائيل'!$D$7:$D$36,$O58),INDEX('حضور ميخائيل'!$D$7:$D$36,$O58)),"")) -> 0 | R58: =IF($O58="","",IFERROR(CHOOSE(MATCH($F58,الإعدادات!$B$4:$B$7,0),INDEX('حضور سوريال'!$F$7:$F$36,$O58),INDEX('حضور غبريال'!$F$7:$F$36,$O58),INDEX('حضور رفائيل'!$F$7:$F$36,$O58),INDEX('حضور ميخائيل'!$F$7:$F$36,$O58)),"")) | S58: =IF($O58="","",IFERROR(CHOOSE(MATCH($F58,الإعدادات!$B$4:$B$7,0),INDEX('حضور سوريال'!$G$7:$G$36,$O58),INDEX('حضور غبريال'!$G$7:$G$36,$O58),INDEX('حضور رفائيل'!$G$7:$G$36,$O58),INDEX('حضور ميخائيل'!$G$7:$G$36,$O58)),"")) -> 0 | T58: =IF($O58="","",IFERROR(CHOOSE(MATCH($F58,الإعدادات!$B$4:$B$7,0),INDEX('حضور سوريال'!$H$7:$H$36,$O58),INDEX('حضور غبريال'!$H$7:$H$36,$O58),INDEX('حضور رفائيل'!$H$7:$H$36,$O58),INDEX('حضور ميخائيل'!$H$7:$H$36,$O58)),"")) -> — | U58: =IF($O58="","",IFERROR(CHOOSE(MATCH($F58,الإعدادات!$B$4:$B$7,0),INDEX('حضور سوريال'!$I$7:$I$36,$O58),INDEX('حضور غبريال'!$I$7:$I$36,$O58),INDEX('حضور رفائيل'!$I$7:$I$36,$O58),INDEX('حضور ميخائيل'!$I$7:$I$36,$O58)),"")) -> ⏳ لسه مفيش حضور | V58: =IF($O58="","",IFERROR(CHOOSE(MATCH($F58,الإعدادات!$B$4:$B$7,0),INDEX('حضور سوريال'!$BM$7:$BM$36,$O58),INDEX('حضور غبريال'!$BM$7:$BM$36,$O58),INDEX('حضور رفائيل'!$BM$7:$BM$36,$O58),INDEX('حضور ميخائيل'!$BM$7:$BM$36,$O58)),"")) -> 0 | W58: =IF(OR(V58=3,V58=4),COUNTIFS(V$6:V58,3)+COUNTIFS(V$6:V58,4),"")
A59: =IF(C59="","",ROW()-5) -> 54 | B59: =IF(C59="","","B-"&TEXT(ROW()-5,"000")) -> B-054 | C59: جوناثان هانى مجدى | D59: ولد | E59: سنة أولى | F59: ميخائيل | G59: لا | I59: 01271519003 | J59: 890 شارع بورسعيد المليحة شقة 6 دور 3 | N59: =IF(O59="","",F59&"|"&O59) -> ميخائيل|6 | O59: =IF(OR(C59="",F59=""),"",COUNTIFS(F$6:F59,F59,C$6:C59,"<>")) -> 6 | P59: =IF($O59="","",IFERROR(CHOOSE(MATCH($F59,الإعدادات!$B$4:$B$7,0),INDEX('حضور سوريال'!$C$7:$C$36,$O59),INDEX('حضور غبريال'!$C$7:$C$36,$O59),INDEX('حضور رفائيل'!$C$7:$C$36,$O59),INDEX('حضور ميخائيل'!$C$7:$C$36,$O59)),"")) -> 0 | Q59: =IF($O59="","",IFERROR(CHOOSE(MATCH($F59,الإعدادات!$B$4:$B$7,0),INDEX('حضور سوريال'!$D$7:$D$36,$O59),INDEX('حضور غبريال'!$D$7:$D$36,$O59),INDEX('حضور رفائيل'!$D$7:$D$36,$O59),INDEX('حضور ميخائيل'!$D$7:$D$36,$O59)),"")) -> 0 | R59: =IF($O59="","",IFERROR(CHOOSE(MATCH($F59,الإعدادات!$B$4:$B$7,0),INDEX('حضور سوريال'!$F$7:$F$36,$O59),INDEX('حضور غبريال'!$F$7:$F$36,$O59),INDEX('حضور رفائيل'!$F$7:$F$36,$O59),INDEX('حضور ميخائيل'!$F$7:$F$36,$O59)),"")) | S59: =IF($O59="","",IFERROR(CHOOSE(MATCH($F59,الإعدادات!$B$4:$B$7,0),INDEX('حضور سوريال'!$G$7:$G$36,$O59),INDEX('حضور غبريال'!$G$7:$G$36,$O59),INDEX('حضور رفائيل'!$G$7:$G$36,$O59),INDEX('حضور ميخائيل'!$G$7:$G$36,$O59)),"")) -> 0 | T59: =IF($O59="","",IFERROR(CHOOSE(MATCH($F59,الإعدادات!$B$4:$B$7,0),INDEX('حضور سوريال'!$H$7:$H$36,$O59),INDEX('حضور غبريال'!$H$7:$H$36,$O59),INDEX('حضور رفائيل'!$H$7:$H$36,$O59),INDEX('حضور ميخائيل'!$H$7:$H$36,$O59)),"")) -> — | U59: =IF($O59="","",IFERROR(CHOOSE(MATCH($F59,الإعدادات!$B$4:$B$7,0),INDEX('حضور سوريال'!$I$7:$I$36,$O59),INDEX('حضور غبريال'!$I$7:$I$36,$O59),INDEX('حضور رفائيل'!$I$7:$I$36,$O59),INDEX('حضور ميخائيل'!$I$7:$I$36,$O59)),"")) -> ⏳ لسه مفيش حضور | V59: =IF($O59="","",IFERROR(CHOOSE(MATCH($F59,الإعدادات!$B$4:$B$7,0),INDEX('حضور سوريال'!$BM$7:$BM$36,$O59),INDEX('حضور غبريال'!$BM$7:$BM$36,$O59),INDEX('حضور رفائيل'!$BM$7:$BM$36,$O59),INDEX('حضور ميخائيل'!$BM$7:$BM$36,$O59)),"")) -> 0 | W59: =IF(OR(V59=3,V59=4),COUNTIFS(V$6:V59,3)+COUNTIFS(V$6:V59,4),"")
A60: =IF(C60="","",ROW()-5) -> 55 | B60: =IF(C60="","","B-"&TEXT(ROW()-5,"000")) -> B-055 | C60: جونيستا يوسف فرج | D60: بنت | E60: سنة أولى | F60: ميخائيل | G60: لا | H60: 01270011108 | I60: 0128388656 | J60: 4 شارع روفائيل سليمان المليحة الدور 7 | N60: =IF(O60="","",F60&"|"&O60) -> ميخائيل|7 | O60: =IF(OR(C60="",F60=""),"",COUNTIFS(F$6:F60,F60,C$6:C60,"<>")) -> 7 | P60: =IF($O60="","",IFERROR(CHOOSE(MATCH($F60,الإعدادات!$B$4:$B$7,0),INDEX('حضور سوريال'!$C$7:$C$36,$O60),INDEX('حضور غبريال'!$C$7:$C$36,$O60),INDEX('حضور رفائيل'!$C$7:$C$36,$O60),INDEX('حضور ميخائيل'!$C$7:$C$36,$O60)),"")) -> 0 | Q60: =IF($O60="","",IFERROR(CHOOSE(MATCH($F60,الإعدادات!$B$4:$B$7,0),INDEX('حضور سوريال'!$D$7:$D$36,$O60),INDEX('حضور غبريال'!$D$7:$D$36,$O60),INDEX('حضور رفائيل'!$D$7:$D$36,$O60),INDEX('حضور ميخائيل'!$D$7:$D$36,$O60)),"")) -> 0 | R60: =IF($O60="","",IFERROR(CHOOSE(MATCH($F60,الإعدادات!$B$4:$B$7,0),INDEX('حضور سوريال'!$F$7:$F$36,$O60),INDEX('حضور غبريال'!$F$7:$F$36,$O60),INDEX('حضور رفائيل'!$F$7:$F$36,$O60),INDEX('حضور ميخائيل'!$F$7:$F$36,$O60)),"")) | S60: =IF($O60="","",IFERROR(CHOOSE(MATCH($F60,الإعدادات!$B$4:$B$7,0),INDEX('حضور سوريال'!$G$7:$G$36,$O60),INDEX('حضور غبريال'!$G$7:$G$36,$O60),INDEX('حضور رفائيل'!$G$7:$G$36,$O60),INDEX('حضور ميخائيل'!$G$7:$G$36,$O60)),"")) -> 0 | T60: =IF($O60="","",IFERROR(CHOOSE(MATCH($F60,الإعدادات!$B$4:$B$7,0),INDEX('حضور سوريال'!$H$7:$H$36,$O60),INDEX('حضور غبريال'!$H$7:$H$36,$O60),INDEX('حضور رفائيل'!$H$7:$H$36,$O60),INDEX('حضور ميخائيل'!$H$7:$H$36,$O60)),"")) -> — | U60: =IF($O60="","",IFERROR(CHOOSE(MATCH($F60,الإعدادات!$B$4:$B$7,0),INDEX('حضور سوريال'!$I$7:$I$36,$O60),INDEX('حضور غبريال'!$I$7:$I$36,$O60),INDEX('حضور رفائيل'!$I$7:$I$36,$O60),INDEX('حضور ميخائيل'!$I$7:$I$36,$O60)),"")) -> ⏳ لسه مفيش حضور | V60: =IF($O60="","",IFERROR(CHOOSE(MATCH($F60,الإعدادات!$B$4:$B$7,0),INDEX('حضور سوريال'!$BM$7:$BM$36,$O60),INDEX('حضور غبريال'!$BM$7:$BM$36,$O60),INDEX('حضور رفائيل'!$BM$7:$BM$36,$O60),INDEX('حضور ميخائيل'!$BM$7:$BM$36,$O60)),"")) -> 0 | W60: =IF(OR(V60=3,V60=4),COUNTIFS(V$6:V60,3)+COUNTIFS(V$6:V60,4),"")
A61: =IF(C61="","",ROW()-5) -> 56 | B61: =IF(C61="","","B-"&TEXT(ROW()-5,"000")) -> B-056 | C61: جيسي عصام اسعد | D61: ولد | E61: سنة أولى | F61: ميخائيل | G61: لا | H61: 01063514009 | J61: 2 شارع ترعة حمزة | N61: =IF(O61="","",F61&"|"&O61) -> ميخائيل|8 | O61: =IF(OR(C61="",F61=""),"",COUNTIFS(F$6:F61,F61,C$6:C61,"<>")) -> 8 | P61: =IF($O61="","",IFERROR(CHOOSE(MATCH($F61,الإعدادات!$B$4:$B$7,0),INDEX('حضور سوريال'!$C$7:$C$36,$O61),INDEX('حضور غبريال'!$C$7:$C$36,$O61),INDEX('حضور رفائيل'!$C$7:$C$36,$O61),INDEX('حضور ميخائيل'!$C$7:$C$36,$O61)),"")) -> 0 | Q61: =IF($O61="","",IFERROR(CHOOSE(MATCH($F61,الإعدادات!$B$4:$B$7,0),INDEX('حضور سوريال'!$D$7:$D$36,$O61),INDEX('حضور غبريال'!$D$7:$D$36,$O61),INDEX('حضور رفائيل'!$D$7:$D$36,$O61),INDEX('حضور ميخائيل'!$D$7:$D$36,$O61)),"")) -> 0 | R61: =IF($O61="","",IFERROR(CHOOSE(MATCH($F61,الإعدادات!$B$4:$B$7,0),INDEX('حضور سوريال'!$F$7:$F$36,$O61),INDEX('حضور غبريال'!$F$7:$F$36,$O61),INDEX('حضور رفائيل'!$F$7:$F$36,$O61),INDEX('حضور ميخائيل'!$F$7:$F$36,$O61)),"")) | S61: =IF($O61="","",IFERROR(CHOOSE(MATCH($F61,الإعدادات!$B$4:$B$7,0),INDEX('حضور سوريال'!$G$7:$G$36,$O61),INDEX('حضور غبريال'!$G$7:$G$36,$O61),INDEX('حضور رفائيل'!$G$7:$G$36,$O61),INDEX('حضور ميخائيل'!$G$7:$G$36,$O61)),"")) -> 0 | T61: =IF($O61="","",IFERROR(CHOOSE(MATCH($F61,الإعدادات!$B$4:$B$7,0),INDEX('حضور سوريال'!$H$7:$H$36,$O61),INDEX('حضور غبريال'!$H$7:$H$36,$O61),INDEX('حضور رفائيل'!$H$7:$H$36,$O61),INDEX('حضور ميخائيل'!$H$7:$H$36,$O61)),"")) -> — | U61: =IF($O61="","",IFERROR(CHOOSE(MATCH($F61,الإعدادات!$B$4:$B$7,0),INDEX('حضور سوريال'!$I$7:$I$36,$O61),INDEX('حضور غبريال'!$I$7:$I$36,$O61),INDEX('حضور رفائيل'!$I$7:$I$36,$O61),INDEX('حضور ميخائيل'!$I$7:$I$36,$O61)),"")) -> ⏳ لسه مفيش حضور | V61: =IF($O61="","",IFERROR(CHOOSE(MATCH($F61,الإعدادات!$B$4:$B$7,0),INDEX('حضور سوريال'!$BM$7:$BM$36,$O61),INDEX('حضور غبريال'!$BM$7:$BM$36,$O61),INDEX('حضور رفائيل'!$BM$7:$BM$36,$O61),INDEX('حضور ميخائيل'!$BM$7:$BM$36,$O61)),"")) -> 0 | W61: =IF(OR(V61=3,V61=4),COUNTIFS(V$6:V61,3)+COUNTIFS(V$6:V61,4),"")
A62: =IF(C62="","",ROW()-5) -> 57 | B62: =IF(C62="","","B-"&TEXT(ROW()-5,"000")) -> B-057 | C62: فيلومينا جون رزق الله | D62: بنت | E62: سنة أولى | F62: ميخائيل | G62: لا | H62: 01287744580 | J62: 26 شارع احمد رفاعى المليحة شقة 3 الدور 2 | N62: =IF(O62="","",F62&"|"&O62) -> ميخائيل|9 | O62: =IF(OR(C62="",F62=""),"",COUNTIFS(F$6:F62,F62,C$6:C62,"<>")) -> 9 | P62: =IF($O62="","",IFERROR(CHOOSE(MATCH($F62,الإعدادات!$B$4:$B$7,0),INDEX('حضور سوريال'!$C$7:$C$36,$O62),INDEX('حضور غبريال'!$C$7:$C$36,$O62),INDEX('حضور رفائيل'!$C$7:$C$36,$O62),INDEX('حضور ميخائيل'!$C$7:$C$36,$O62)),"")) -> 0 | Q62: =IF($O62="","",IFERROR(CHOOSE(MATCH($F62,الإعدادات!$B$4:$B$7,0),INDEX('حضور سوريال'!$D$7:$D$36,$O62),INDEX('حضور غبريال'!$D$7:$D$36,$O62),INDEX('حضور رفائيل'!$D$7:$D$36,$O62),INDEX('حضور ميخائيل'!$D$7:$D$36,$O62)),"")) -> 0 | R62: =IF($O62="","",IFERROR(CHOOSE(MATCH($F62,الإعدادات!$B$4:$B$7,0),INDEX('حضور سوريال'!$F$7:$F$36,$O62),INDEX('حضور غبريال'!$F$7:$F$36,$O62),INDEX('حضور رفائيل'!$F$7:$F$36,$O62),INDEX('حضور ميخائيل'!$F$7:$F$36,$O62)),"")) | S62: =IF($O62="","",IFERROR(CHOOSE(MATCH($F62,الإعدادات!$B$4:$B$7,0),INDEX('حضور سوريال'!$G$7:$G$36,$O62),INDEX('حضور غبريال'!$G$7:$G$36,$O62),INDEX('حضور رفائيل'!$G$7:$G$36,$O62),INDEX('حضور ميخائيل'!$G$7:$G$36,$O62)),"")) -> 0 | T62: =IF($O62="","",IFERROR(CHOOSE(MATCH($F62,الإعدادات!$B$4:$B$7,0),INDEX('حضور سوريال'!$H$7:$H$36,$O62),INDEX('حضور غبريال'!$H$7:$H$36,$O62),INDEX('حضور رفائيل'!$H$7:$H$36,$O62),INDEX('حضور ميخائيل'!$H$7:$H$36,$O62)),"")) -> — | U62: =IF($O62="","",IFERROR(CHOOSE(MATCH($F62,الإعدادات!$B$4:$B$7,0),INDEX('حضور سوريال'!$I$7:$I$36,$O62),INDEX('حضور غبريال'!$I$7:$I$36,$O62),INDEX('حضور رفائيل'!$I$7:$I$36,$O62),INDEX('حضور ميخائيل'!$I$7:$I$36,$O62)),"")) -> ⏳ لسه مفيش حضور | V62: =IF($O62="","",IFERROR(CHOOSE(MATCH($F62,الإعدادات!$B$4:$B$7,0),INDEX('حضور سوريال'!$BM$7:$BM$36,$O62),INDEX('حضور غبريال'!$BM$7:$BM$36,$O62),INDEX('حضور رفائيل'!$BM$7:$BM$36,$O62),INDEX('حضور ميخائيل'!$BM$7:$BM$36,$O62)),"")) -> 0 | W62: =IF(OR(V62=3,V62=4),COUNTIFS(V$6:V62,3)+COUNTIFS(V$6:V62,4),"")
A63: =IF(C63="","",ROW()-5) -> 58 | B63: =IF(C63="","","B-"&TEXT(ROW()-5,"000")) -> B-058 | C63: فيلومينا غطاس شوقى | D63: بنت | E63: سنة أولى | F63: ميخائيل | G63: لا | H63: 01224646116 | J63: 132 شارع الخليج المصري حدائق القبة | N63: =IF(O63="","",F63&"|"&O63) -> ميخائيل|10 | O63: =IF(OR(C63="",F63=""),"",COUNTIFS(F$6:F63,F63,C$6:C63,"<>")) -> 10 | P63: =IF($O63="","",IFERROR(CHOOSE(MATCH($F63,الإعدادات!$B$4:$B$7,0),INDEX('حضور سوريال'!$C$7:$C$36,$O63),INDEX('حضور غبريال'!$C$7:$C$36,$O63),INDEX('حضور رفائيل'!$C$7:$C$36,$O63),INDEX('حضور ميخائيل'!$C$7:$C$36,$O63)),"")) -> 0 | Q63: =IF($O63="","",IFERROR(CHOOSE(MATCH($F63,الإعدادات!$B$4:$B$7,0),INDEX('حضور سوريال'!$D$7:$D$36,$O63),INDEX('حضور غبريال'!$D$7:$D$36,$O63),INDEX('حضور رفائيل'!$D$7:$D$36,$O63),INDEX('حضور ميخائيل'!$D$7:$D$36,$O63)),"")) -> 0 | R63: =IF($O63="","",IFERROR(CHOOSE(MATCH($F63,الإعدادات!$B$4:$B$7,0),INDEX('حضور سوريال'!$F$7:$F$36,$O63),INDEX('حضور غبريال'!$F$7:$F$36,$O63),INDEX('حضور رفائيل'!$F$7:$F$36,$O63),INDEX('حضور ميخائيل'!$F$7:$F$36,$O63)),"")) | S63: =IF($O63="","",IFERROR(CHOOSE(MATCH($F63,الإعدادات!$B$4:$B$7,0),INDEX('حضور سوريال'!$G$7:$G$36,$O63),INDEX('حضور غبريال'!$G$7:$G$36,$O63),INDEX('حضور رفائيل'!$G$7:$G$36,$O63),INDEX('حضور ميخائيل'!$G$7:$G$36,$O63)),"")) -> 0 | T63: =IF($O63="","",IFERROR(CHOOSE(MATCH($F63,الإعدادات!$B$4:$B$7,0),INDEX('حضور سوريال'!$H$7:$H$36,$O63),INDEX('حضور غبريال'!$H$7:$H$36,$O63),INDEX('حضور رفائيل'!$H$7:$H$36,$O63),INDEX('حضور ميخائيل'!$H$7:$H$36,$O63)),"")) -> — | U63: =IF($O63="","",IFERROR(CHOOSE(MATCH($F63,الإعدادات!$B$4:$B$7,0),INDEX('حضور سوريال'!$I$7:$I$36,$O63),INDEX('حضور غبريال'!$I$7:$I$36,$O63),INDEX('حضور رفائيل'!$I$7:$I$36,$O63),INDEX('حضور ميخائيل'!$I$7:$I$36,$O63)),"")) -> ⏳ لسه مفيش حضور | V63: =IF($O63="","",IFERROR(CHOOSE(MATCH($F63,الإعدادات!$B$4:$B$7,0),INDEX('حضور سوريال'!$BM$7:$BM$36,$O63),INDEX('حضور غبريال'!$BM$7:$BM$36,$O63),INDEX('حضور رفائيل'!$BM$7:$BM$36,$O63),INDEX('حضور ميخائيل'!$BM$7:$BM$36,$O63)),"")) -> 0 | W63: =IF(OR(V63=3,V63=4),COUNTIFS(V$6:V63,3)+COUNTIFS(V$6:V63,4),"")
A64: =IF(C64="","",ROW()-5) -> 59 | B64: =IF(C64="","","B-"&TEXT(ROW()-5,"000")) -> B-059 | C64: كريس كرم فوزى | D64: ولد | E64: سنة أولى | F64: ميخائيل | G64: لا | H64: 01287423255 | I64: 01225582147 | J64: 14 شارع محمود سامى عامر حدائق القبة شقة 10 الدور 4 | N64: =IF(O64="","",F64&"|"&O64) -> ميخائيل|11 | O64: =IF(OR(C64="",F64=""),"",COUNTIFS(F$6:F64,F64,C$6:C64,"<>")) -> 11 | P64: =IF($O64="","",IFERROR(CHOOSE(MATCH($F64,الإعدادات!$B$4:$B$7,0),INDEX('حضور سوريال'!$C$7:$C$36,$O64),INDEX('حضور غبريال'!$C$7:$C$36,$O64),INDEX('حضور رفائيل'!$C$7:$C$36,$O64),INDEX('حضور ميخائيل'!$C$7:$C$36,$O64)),"")) -> 0 | Q64: =IF($O64="","",IFERROR(CHOOSE(MATCH($F64,الإعدادات!$B$4:$B$7,0),INDEX('حضور سوريال'!$D$7:$D$36,$O64),INDEX('حضور غبريال'!$D$7:$D$36,$O64),INDEX('حضور رفائيل'!$D$7:$D$36,$O64),INDEX('حضور ميخائيل'!$D$7:$D$36,$O64)),"")) -> 0 | R64: =IF($O64="","",IFERROR(CHOOSE(MATCH($F64,الإعدادات!$B$4:$B$7,0),INDEX('حضور سوريال'!$F$7:$F$36,$O64),INDEX('حضور غبريال'!$F$7:$F$36,$O64),INDEX('حضور رفائيل'!$F$7:$F$36,$O64),INDEX('حضور ميخائيل'!$F$7:$F$36,$O64)),"")) | S64: =IF($O64="","",IFERROR(CHOOSE(MATCH($F64,الإعدادات!$B$4:$B$7,0),INDEX('حضور سوريال'!$G$7:$G$36,$O64),INDEX('حضور غبريال'!$G$7:$G$36,$O64),INDEX('حضور رفائيل'!$G$7:$G$36,$O64),INDEX('حضور ميخائيل'!$G$7:$G$36,$O64)),"")) -> 0 | T64: =IF($O64="","",IFERROR(CHOOSE(MATCH($F64,الإعدادات!$B$4:$B$7,0),INDEX('حضور سوريال'!$H$7:$H$36,$O64),INDEX('حضور غبريال'!$H$7:$H$36,$O64),INDEX('حضور رفائيل'!$H$7:$H$36,$O64),INDEX('حضور ميخائيل'!$H$7:$H$36,$O64)),"")) -> — | U64: =IF($O64="","",IFERROR(CHOOSE(MATCH($F64,الإعدادات!$B$4:$B$7,0),INDEX('حضور سوريال'!$I$7:$I$36,$O64),INDEX('حضور غبريال'!$I$7:$I$36,$O64),INDEX('حضور رفائيل'!$I$7:$I$36,$O64),INDEX('حضور ميخائيل'!$I$7:$I$36,$O64)),"")) -> ⏳ لسه مفيش حضور | V64: =IF($O64="","",IFERROR(CHOOSE(MATCH($F64,الإعدادات!$B$4:$B$7,0),INDEX('حضور سوريال'!$BM$7:$BM$36,$O64),INDEX('حضور غبريال'!$BM$7:$BM$36,$O64),INDEX('حضور رفائيل'!$BM$7:$BM$36,$O64),INDEX('حضور ميخائيل'!$BM$7:$BM$36,$O64)),"")) -> 0 | W64: =IF(OR(V64=3,V64=4),COUNTIFS(V$6:V64,3)+COUNTIFS(V$6:V64,4),"")
A65: =IF(C65="","",ROW()-5) -> 60 | B65: =IF(C65="","","B-"&TEXT(ROW()-5,"000")) -> B-060 | C65: كيفين ابانوب هانى | D65: ولد | E65: سنة أولى | F65: ميخائيل | G65: لا | H65: 01286925787 | J65: 25 شارع صليب نخلة المليحة الدور 9 | N65: =IF(O65="","",F65&"|"&O65) -> ميخائيل|12 | O65: =IF(OR(C65="",F65=""),"",COUNTIFS(F$6:F65,F65,C$6:C65,"<>")) -> 12 | P65: =IF($O65="","",IFERROR(CHOOSE(MATCH($F65,الإعدادات!$B$4:$B$7,0),INDEX('حضور سوريال'!$C$7:$C$36,$O65),INDEX('حضور غبريال'!$C$7:$C$36,$O65),INDEX('حضور رفائيل'!$C$7:$C$36,$O65),INDEX('حضور ميخائيل'!$C$7:$C$36,$O65)),"")) -> 0 | Q65: =IF($O65="","",IFERROR(CHOOSE(MATCH($F65,الإعدادات!$B$4:$B$7,0),INDEX('حضور سوريال'!$D$7:$D$36,$O65),INDEX('حضور غبريال'!$D$7:$D$36,$O65),INDEX('حضور رفائيل'!$D$7:$D$36,$O65),INDEX('حضور ميخائيل'!$D$7:$D$36,$O65)),"")) -> 0 | R65: =IF($O65="","",IFERROR(CHOOSE(MATCH($F65,الإعدادات!$B$4:$B$7,0),INDEX('حضور سوريال'!$F$7:$F$36,$O65),INDEX('حضور غبريال'!$F$7:$F$36,$O65),INDEX('حضور رفائيل'!$F$7:$F$36,$O65),INDEX('حضور ميخائيل'!$F$7:$F$36,$O65)),"")) | S65: =IF($O65="","",IFERROR(CHOOSE(MATCH($F65,الإعدادات!$B$4:$B$7,0),INDEX('حضور سوريال'!$G$7:$G$36,$O65),INDEX('حضور غبريال'!$G$7:$G$36,$O65),INDEX('حضور رفائيل'!$G$7:$G$36,$O65),INDEX('حضور ميخائيل'!$G$7:$G$36,$O65)),"")) -> 0 | T65: =IF($O65="","",IFERROR(CHOOSE(MATCH($F65,الإعدادات!$B$4:$B$7,0),INDEX('حضور سوريال'!$H$7:$H$36,$O65),INDEX('حضور غبريال'!$H$7:$H$36,$O65),INDEX('حضور رفائيل'!$H$7:$H$36,$O65),INDEX('حضور ميخائيل'!$H$7:$H$36,$O65)),"")) -> — | U65: =IF($O65="","",IFERROR(CHOOSE(MATCH($F65,الإعدادات!$B$4:$B$7,0),INDEX('حضور سوريال'!$I$7:$I$36,$O65),INDEX('حضور غبريال'!$I$7:$I$36,$O65),INDEX('حضور رفائيل'!$I$7:$I$36,$O65),INDEX('حضور ميخائيل'!$I$7:$I$36,$O65)),"")) -> ⏳ لسه مفيش حضور | V65: =IF($O65="","",IFERROR(CHOOSE(MATCH($F65,الإعدادات!$B$4:$B$7,0),INDEX('حضور سوريال'!$BM$7:$BM$36,$O65),INDEX('حضور غبريال'!$BM$7:$BM$36,$O65),INDEX('حضور رفائيل'!$BM$7:$BM$36,$O65),INDEX('حضور ميخائيل'!$BM$7:$BM$36,$O65)),"")) -> 0 | W65: =IF(OR(V65=3,V65=4),COUNTIFS(V$6:V65,3)+COUNTIFS(V$6:V65,4),"")
A66: =IF(C66="","",ROW()-5) -> 61 | B66: =IF(C66="","","B-"&TEXT(ROW()-5,"000")) -> B-061 | C66: مارتن وجيه عبد المسيح | D66: ولد | E66: سنة أولى | F66: ميخائيل | G66: لا | H66: 01555364080 | I66: 01221635450 | J66: 315 شارع الخليج المصرى المليحة شقة 904 الدور 9 | N66: =IF(O66="","",F66&"|"&O66) -> ميخائيل|13 | O66: =IF(OR(C66="",F66=""),"",COUNTIFS(F$6:F66,F66,C$6:C66,"<>")) -> 13 | P66: =IF($O66="","",IFERROR(CHOOSE(MATCH($F66,الإعدادات!$B$4:$B$7,0),INDEX('حضور سوريال'!$C$7:$C$36,$O66),INDEX('حضور غبريال'!$C$7:$C$36,$O66),INDEX('حضور رفائيل'!$C$7:$C$36,$O66),INDEX('حضور ميخائيل'!$C$7:$C$36,$O66)),"")) -> 0 | Q66: =IF($O66="","",IFERROR(CHOOSE(MATCH($F66,الإعدادات!$B$4:$B$7,0),INDEX('حضور سوريال'!$D$7:$D$36,$O66),INDEX('حضور غبريال'!$D$7:$D$36,$O66),INDEX('حضور رفائيل'!$D$7:$D$36,$O66),INDEX('حضور ميخائيل'!$D$7:$D$36,$O66)),"")) -> 0 | R66: =IF($O66="","",IFERROR(CHOOSE(MATCH($F66,الإعدادات!$B$4:$B$7,0),INDEX('حضور سوريال'!$F$7:$F$36,$O66),INDEX('حضور غبريال'!$F$7:$F$36,$O66),INDEX('حضور رفائيل'!$F$7:$F$36,$O66),INDEX('حضور ميخائيل'!$F$7:$F$36,$O66)),"")) | S66: =IF($O66="","",IFERROR(CHOOSE(MATCH($F66,الإعدادات!$B$4:$B$7,0),INDEX('حضور سوريال'!$G$7:$G$36,$O66),INDEX('حضور غبريال'!$G$7:$G$36,$O66),INDEX('حضور رفائيل'!$G$7:$G$36,$O66),INDEX('حضور ميخائيل'!$G$7:$G$36,$O66)),"")) -> 0 | T66: =IF($O66="","",IFERROR(CHOOSE(MATCH($F66,الإعدادات!$B$4:$B$7,0),INDEX('حضور سوريال'!$H$7:$H$36,$O66),INDEX('حضور غبريال'!$H$7:$H$36,$O66),INDEX('حضور رفائيل'!$H$7:$H$36,$O66),INDEX('حضور ميخائيل'!$H$7:$H$36,$O66)),"")) -> — | U66: =IF($O66="","",IFERROR(CHOOSE(MATCH($F66,الإعدادات!$B$4:$B$7,0),INDEX('حضور سوريال'!$I$7:$I$36,$O66),INDEX('حضور غبريال'!$I$7:$I$36,$O66),INDEX('حضور رفائيل'!$I$7:$I$36,$O66),INDEX('حضور ميخائيل'!$I$7:$I$36,$O66)),"")) -> ⏳ لسه مفيش حضور | V66: =IF($O66="","",IFERROR(CHOOSE(MATCH($F66,الإعدادات!$B$4:$B$7,0),INDEX('حضور سوريال'!$BM$7:$BM$36,$O66),INDEX('حضور غبريال'!$BM$7:$BM$36,$O66),INDEX('حضور رفائيل'!$BM$7:$BM$36,$O66),INDEX('حضور ميخائيل'!$BM$7:$BM$36,$O66)),"")) -> 0 | W66: =IF(OR(V66=3,V66=4),COUNTIFS(V$6:V66,3)+COUNTIFS(V$6:V66,4),"")
A67: =IF(C67="","",ROW()-5) -> 62 | B67: =IF(C67="","","B-"&TEXT(ROW()-5,"000")) -> B-062 | C67: ماروسكا عصام سمير | D67: بنت | E67: سنة أولى | F67: ميخائيل | G67: لا | H67: 01276055302 | I67: 01275214848 | J67: 25 شارع ناصر ابو النصر الخصوص | N67: =IF(O67="","",F67&"|"&O67) -> ميخائيل|14 | O67: =IF(OR(C67="",F67=""),"",COUNTIFS(F$6:F67,F67,C$6:C67,"<>")) -> 14 | P67: =IF($O67="","",IFERROR(CHOOSE(MATCH($F67,الإعدادات!$B$4:$B$7,0),INDEX('حضور سوريال'!$C$7:$C$36,$O67),INDEX('حضور غبريال'!$C$7:$C$36,$O67),INDEX('حضور رفائيل'!$C$7:$C$36,$O67),INDEX('حضور ميخائيل'!$C$7:$C$36,$O67)),"")) -> 0 | Q67: =IF($O67="","",IFERROR(CHOOSE(MATCH($F67,الإعدادات!$B$4:$B$7,0),INDEX('حضور سوريال'!$D$7:$D$36,$O67),INDEX('حضور غبريال'!$D$7:$D$36,$O67),INDEX('حضور رفائيل'!$D$7:$D$36,$O67),INDEX('حضور ميخائيل'!$D$7:$D$36,$O67)),"")) -> 0 | R67: =IF($O67="","",IFERROR(CHOOSE(MATCH($F67,الإعدادات!$B$4:$B$7,0),INDEX('حضور سوريال'!$F$7:$F$36,$O67),INDEX('حضور غبريال'!$F$7:$F$36,$O67),INDEX('حضور رفائيل'!$F$7:$F$36,$O67),INDEX('حضور ميخائيل'!$F$7:$F$36,$O67)),"")) | S67: =IF($O67="","",IFERROR(CHOOSE(MATCH($F67,الإعدادات!$B$4:$B$7,0),INDEX('حضور سوريال'!$G$7:$G$36,$O67),INDEX('حضور غبريال'!$G$7:$G$36,$O67),INDEX('حضور رفائيل'!$G$7:$G$36,$O67),INDEX('حضور ميخائيل'!$G$7:$G$36,$O67)),"")) -> 0 | T67: =IF($O67="","",IFERROR(CHOOSE(MATCH($F67,الإعدادات!$B$4:$B$7,0),INDEX('حضور سوريال'!$H$7:$H$36,$O67),INDEX('حضور غبريال'!$H$7:$H$36,$O67),INDEX('حضور رفائيل'!$H$7:$H$36,$O67),INDEX('حضور ميخائيل'!$H$7:$H$36,$O67)),"")) -> — | U67: =IF($O67="","",IFERROR(CHOOSE(MATCH($F67,الإعدادات!$B$4:$B$7,0),INDEX('حضور سوريال'!$I$7:$I$36,$O67),INDEX('حضور غبريال'!$I$7:$I$36,$O67),INDEX('حضور رفائيل'!$I$7:$I$36,$O67),INDEX('حضور ميخائيل'!$I$7:$I$36,$O67)),"")) -> ⏳ لسه مفيش حضور | V67: =IF($O67="","",IFERROR(CHOOSE(MATCH($F67,الإعدادات!$B$4:$B$7,0),INDEX('حضور سوريال'!$BM$7:$BM$36,$O67),INDEX('حضور غبريال'!$BM$7:$BM$36,$O67),INDEX('حضور رفائيل'!$BM$7:$BM$36,$O67),INDEX('حضور ميخائيل'!$BM$7:$BM$36,$O67)),"")) -> 0 | W67: =IF(OR(V67=3,V67=4),COUNTIFS(V$6:V67,3)+COUNTIFS(V$6:V67,4),"")
A68: =IF(C68="","",ROW()-5) -> 63 | B68: =IF(C68="","","B-"&TEXT(ROW()-5,"000")) -> B-063 | C68: مارولا رومانى مسعد | D68: بنت | E68: سنة أولى | F68: ميخائيل | G68: لا | H68: 01207004037 | I68: 01288748731 | J68: 8 شارع عبد الملاك حنين المليحة الدور 2 | N68: =IF(O68="","",F68&"|"&O68) -> ميخائيل|15 | O68: =IF(OR(C68="",F68=""),"",COUNTIFS(F$6:F68,F68,C$6:C68,"<>")) -> 15 | P68: =IF($O68="","",IFERROR(CHOOSE(MATCH($F68,الإعدادات!$B$4:$B$7,0),INDEX('حضور سوريال'!$C$7:$C$36,$O68),INDEX('حضور غبريال'!$C$7:$C$36,$O68),INDEX('حضور رفائيل'!$C$7:$C$36,$O68),INDEX('حضور ميخائيل'!$C$7:$C$36,$O68)),"")) -> 0 | Q68: =IF($O68="","",IFERROR(CHOOSE(MATCH($F68,الإعدادات!$B$4:$B$7,0),INDEX('حضور سوريال'!$D$7:$D$36,$O68),INDEX('حضور غبريال'!$D$7:$D$36,$O68),INDEX('حضور رفائيل'!$D$7:$D$36,$O68),INDEX('حضور ميخائيل'!$D$7:$D$36,$O68)),"")) -> 0 | R68: =IF($O68="","",IFERROR(CHOOSE(MATCH($F68,الإعدادات!$B$4:$B$7,0),INDEX('حضور سوريال'!$F$7:$F$36,$O68),INDEX('حضور غبريال'!$F$7:$F$36,$O68),INDEX('حضور رفائيل'!$F$7:$F$36,$O68),INDEX('حضور ميخائيل'!$F$7:$F$36,$O68)),"")) | S68: =IF($O68="","",IFERROR(CHOOSE(MATCH($F68,الإعدادات!$B$4:$B$7,0),INDEX('حضور سوريال'!$G$7:$G$36,$O68),INDEX('حضور غبريال'!$G$7:$G$36,$O68),INDEX('حضور رفائيل'!$G$7:$G$36,$O68),INDEX('حضور ميخائيل'!$G$7:$G$36,$O68)),"")) -> 0 | T68: =IF($O68="","",IFERROR(CHOOSE(MATCH($F68,الإعدادات!$B$4:$B$7,0),INDEX('حضور سوريال'!$H$7:$H$36,$O68),INDEX('حضور غبريال'!$H$7:$H$36,$O68),INDEX('حضور رفائيل'!$H$7:$H$36,$O68),INDEX('حضور ميخائيل'!$H$7:$H$36,$O68)),"")) -> — | U68: =IF($O68="","",IFERROR(CHOOSE(MATCH($F68,الإعدادات!$B$4:$B$7,0),INDEX('حضور سوريال'!$I$7:$I$36,$O68),INDEX('حضور غبريال'!$I$7:$I$36,$O68),INDEX('حضور رفائيل'!$I$7:$I$36,$O68),INDEX('حضور ميخائيل'!$I$7:$I$36,$O68)),"")) -> ⏳ لسه مفيش حضور | V68: =IF($O68="","",IFERROR(CHOOSE(MATCH($F68,الإعدادات!$B$4:$B$7,0),INDEX('حضور سوريال'!$BM$7:$BM$36,$O68),INDEX('حضور غبريال'!$BM$7:$BM$36,$O68),INDEX('حضور رفائيل'!$BM$7:$BM$36,$O68),INDEX('حضور ميخائيل'!$BM$7:$BM$36,$O68)),"")) -> 0 | W68: =IF(OR(V68=3,V68=4),COUNTIFS(V$6:V68,3)+COUNTIFS(V$6:V68,4),"")
A69: =IF(C69="","",ROW()-5) -> 64 | B69: =IF(C69="","","B-"&TEXT(ROW()-5,"000")) -> B-064 | C69: ميخائيل ايهاب فوزى | D69: ولد | E69: سنة أولى | F69: ميخائيل | G69: لا | H69: 01280480097 | I69: 01001172448 | J69: 15 شارع الازهار متفرع من السيد درويش القصيرين شقة 8 الدور 4 | N69: =IF(O69="","",F69&"|"&O69) -> ميخائيل|16 | O69: =IF(OR(C69="",F69=""),"",COUNTIFS(F$6:F69,F69,C$6:C69,"<>")) -> 16 | P69: =IF($O69="","",IFERROR(CHOOSE(MATCH($F69,الإعدادات!$B$4:$B$7,0),INDEX('حضور سوريال'!$C$7:$C$36,$O69),INDEX('حضور غبريال'!$C$7:$C$36,$O69),INDEX('حضور رفائيل'!$C$7:$C$36,$O69),INDEX('حضور ميخائيل'!$C$7:$C$36,$O69)),"")) -> 0 | Q69: =IF($O69="","",IFERROR(CHOOSE(MATCH($F69,الإعدادات!$B$4:$B$7,0),INDEX('حضور سوريال'!$D$7:$D$36,$O69),INDEX('حضور غبريال'!$D$7:$D$36,$O69),INDEX('حضور رفائيل'!$D$7:$D$36,$O69),INDEX('حضور ميخائيل'!$D$7:$D$36,$O69)),"")) -> 0 | R69: =IF($O69="","",IFERROR(CHOOSE(MATCH($F69,الإعدادات!$B$4:$B$7,0),INDEX('حضور سوريال'!$F$7:$F$36,$O69),INDEX('حضور غبريال'!$F$7:$F$36,$O69),INDEX('حضور رفائيل'!$F$7:$F$36,$O69),INDEX('حضور ميخائيل'!$F$7:$F$36,$O69)),"")) | S69: =IF($O69="","",IFERROR(CHOOSE(MATCH($F69,الإعدادات!$B$4:$B$7,0),INDEX('حضور سوريال'!$G$7:$G$36,$O69),INDEX('حضور غبريال'!$G$7:$G$36,$O69),INDEX('حضور رفائيل'!$G$7:$G$36,$O69),INDEX('حضور ميخائيل'!$G$7:$G$36,$O69)),"")) -> 0 | T69: =IF($O69="","",IFERROR(CHOOSE(MATCH($F69,الإعدادات!$B$4:$B$7,0),INDEX('حضور سوريال'!$H$7:$H$36,$O69),INDEX('حضور غبريال'!$H$7:$H$36,$O69),INDEX('حضور رفائيل'!$H$7:$H$36,$O69),INDEX('حضور ميخائيل'!$H$7:$H$36,$O69)),"")) -> — | U69: =IF($O69="","",IFERROR(CHOOSE(MATCH($F69,الإعدادات!$B$4:$B$7,0),INDEX('حضور سوريال'!$I$7:$I$36,$O69),INDEX('حضور غبريال'!$I$7:$I$36,$O69),INDEX('حضور رفائيل'!$I$7:$I$36,$O69),INDEX('حضور ميخائيل'!$I$7:$I$36,$O69)),"")) -> ⏳ لسه مفيش حضور | V69: =IF($O69="","",IFERROR(CHOOSE(MATCH($F69,الإعدادات!$B$4:$B$7,0),INDEX('حضور سوريال'!$BM$7:$BM$36,$O69),INDEX('حضور غبريال'!$BM$7:$BM$36,$O69),INDEX('حضور رفائيل'!$BM$7:$BM$36,$O69),INDEX('حضور ميخائيل'!$BM$7:$BM$36,$O69)),"")) -> 0 | W69: =IF(OR(V69=3,V69=4),COUNTIFS(V$6:V69,3)+COUNTIFS(V$6:V69,4),"")
A70: =IF(C70="","",ROW()-5) -> 65 | B70: =IF(C70="","","B-"&TEXT(ROW()-5,"000")) -> B-065 | C70: ميلانيا ميشيل مختار | D70: بنت | E70: سنة أولى | F70: ميخائيل | G70: لا | H70: 01278584725 | I70: 01289923747 | J70: 3 شارع العباسية شارع ماهر | N70: =IF(O70="","",F70&"|"&O70) -> ميخائيل|17 | O70: =IF(OR(C70="",F70=""),"",COUNTIFS(F$6:F70,F70,C$6:C70,"<>")) -> 17 | P70: =IF($O70="","",IFERROR(CHOOSE(MATCH($F70,الإعدادات!$B$4:$B$7,0),INDEX('حضور سوريال'!$C$7:$C$36,$O70),INDEX('حضور غبريال'!$C$7:$C$36,$O70),INDEX('حضور رفائيل'!$C$7:$C$36,$O70),INDEX('حضور ميخائيل'!$C$7:$C$36,$O70)),"")) -> 0 | Q70: =IF($O70="","",IFERROR(CHOOSE(MATCH($F70,الإعدادات!$B$4:$B$7,0),INDEX('حضور سوريال'!$D$7:$D$36,$O70),INDEX('حضور غبريال'!$D$7:$D$36,$O70),INDEX('حضور رفائيل'!$D$7:$D$36,$O70),INDEX('حضور ميخائيل'!$D$7:$D$36,$O70)),"")) -> 0 | R70: =IF($O70="","",IFERROR(CHOOSE(MATCH($F70,الإعدادات!$B$4:$B$7,0),INDEX('حضور سوريال'!$F$7:$F$36,$O70),INDEX('حضور غبريال'!$F$7:$F$36,$O70),INDEX('حضور رفائيل'!$F$7:$F$36,$O70),INDEX('حضور ميخائيل'!$F$7:$F$36,$O70)),"")) | S70: =IF($O70="","",IFERROR(CHOOSE(MATCH($F70,الإعدادات!$B$4:$B$7,0),INDEX('حضور سوريال'!$G$7:$G$36,$O70),INDEX('حضور غبريال'!$G$7:$G$36,$O70),INDEX('حضور رفائيل'!$G$7:$G$36,$O70),INDEX('حضور ميخائيل'!$G$7:$G$36,$O70)),"")) -> 0 | T70: =IF($O70="","",IFERROR(CHOOSE(MATCH($F70,الإعدادات!$B$4:$B$7,0),INDEX('حضور سوريال'!$H$7:$H$36,$O70),INDEX('حضور غبريال'!$H$7:$H$36,$O70),INDEX('حضور رفائيل'!$H$7:$H$36,$O70),INDEX('حضور ميخائيل'!$H$7:$H$36,$O70)),"")) -> — | U70: =IF($O70="","",IFERROR(CHOOSE(MATCH($F70,الإعدادات!$B$4:$B$7,0),INDEX('حضور سوريال'!$I$7:$I$36,$O70),INDEX('حضور غبريال'!$I$7:$I$36,$O70),INDEX('حضور رفائيل'!$I$7:$I$36,$O70),INDEX('حضور ميخائيل'!$I$7:$I$36,$O70)),"")) -> ⏳ لسه مفيش حضور | V70: =IF($O70="","",IFERROR(CHOOSE(MATCH($F70,الإعدادات!$B$4:$B$7,0),INDEX('حضور سوريال'!$BM$7:$BM$36,$O70),INDEX('حضور غبريال'!$BM$7:$BM$36,$O70),INDEX('حضور رفائيل'!$BM$7:$BM$36,$O70),INDEX('حضور ميخائيل'!$BM$7:$BM$36,$O70)),"")) -> 0 | W70: =IF(OR(V70=3,V70=4),COUNTIFS(V$6:V70,3)+COUNTIFS(V$6:V70,4),"")
A71: =IF(C71="","",ROW()-5) -> 66 | B71: =IF(C71="","","B-"&TEXT(ROW()-5,"000")) -> B-066 | C71: نوفير هانى شفيق | D71: ولد | E71: سنة أولى | F71: ميخائيل | G71: لا | H71: 01225621953 | I71: 01221372275 | J71: 7 شارع عبد العاطى احمد عليوة المليحة شقة 7 دور 7 | N71: =IF(O71="","",F71&"|"&O71) -> ميخائيل|18 | O71: =IF(OR(C71="",F71=""),"",COUNTIFS(F$6:F71,F71,C$6:C71,"<>")) -> 18 | P71: =IF($O71="","",IFERROR(CHOOSE(MATCH($F71,الإعدادات!$B$4:$B$7,0),INDEX('حضور سوريال'!$C$7:$C$36,$O71),INDEX('حضور غبريال'!$C$7:$C$36,$O71),INDEX('حضور رفائيل'!$C$7:$C$36,$O71),INDEX('حضور ميخائيل'!$C$7:$C$36,$O71)),"")) -> 0 | Q71: =IF($O71="","",IFERROR(CHOOSE(MATCH($F71,الإعدادات!$B$4:$B$7,0),INDEX('حضور سوريال'!$D$7:$D$36,$O71),INDEX('حضور غبريال'!$D$7:$D$36,$O71),INDEX('حضور رفائيل'!$D$7:$D$36,$O71),INDEX('حضور ميخائيل'!$D$7:$D$36,$O71)),"")) -> 0 | R71: =IF($O71="","",IFERROR(CHOOSE(MATCH($F71,الإعدادات!$B$4:$B$7,0),INDEX('حضور سوريال'!$F$7:$F$36,$O71),INDEX('حضور غبريال'!$F$7:$F$36,$O71),INDEX('حضور رفائيل'!$F$7:$F$36,$O71),INDEX('حضور ميخائيل'!$F$7:$F$36,$O71)),"")) | S71: =IF($O71="","",IFERROR(CHOOSE(MATCH($F71,الإعدادات!$B$4:$B$7,0),INDEX('حضور سوريال'!$G$7:$G$36,$O71),INDEX('حضور غبريال'!$G$7:$G$36,$O71),INDEX('حضور رفائيل'!$G$7:$G$36,$O71),INDEX('حضور ميخائيل'!$G$7:$G$36,$O71)),"")) -> 0 | T71: =IF($O71="","",IFERROR(CHOOSE(MATCH($F71,الإعدادات!$B$4:$B$7,0),INDEX('حضور سوريال'!$H$7:$H$36,$O71),INDEX('حضور غبريال'!$H$7:$H$36,$O71),INDEX('حضور رفائيل'!$H$7:$H$36,$O71),INDEX('حضور ميخائيل'!$H$7:$H$36,$O71)),"")) -> — | U71: =IF($O71="","",IFERROR(CHOOSE(MATCH($F71,الإعدادات!$B$4:$B$7,0),INDEX('حضور سوريال'!$I$7:$I$36,$O71),INDEX('حضور غبريال'!$I$7:$I$36,$O71),INDEX('حضور رفائيل'!$I$7:$I$36,$O71),INDEX('حضور ميخائيل'!$I$7:$I$36,$O71)),"")) -> ⏳ لسه مفيش حضور | V71: =IF($O71="","",IFERROR(CHOOSE(MATCH($F71,الإعدادات!$B$4:$B$7,0),INDEX('حضور سوريال'!$BM$7:$BM$36,$O71),INDEX('حضور غبريال'!$BM$7:$BM$36,$O71),INDEX('حضور رفائيل'!$BM$7:$BM$36,$O71),INDEX('حضور ميخائيل'!$BM$7:$BM$36,$O71)),"")) -> 0 | W71: =IF(OR(V71=3,V71=4),COUNTIFS(V$6:V71,3)+COUNTIFS(V$6:V71,4),"")
A72: =IF(C72="","",ROW()-5) -> 67 | B72: =IF(C72="","","B-"&TEXT(ROW()-5,"000")) -> B-067 | C72: نيروز سامى شحات | D72: بنت | E72: سنة أولى | F72: ميخائيل | G72: لا | H72: 01273356341 | I72: 01140935654 | J72: 4 شارع روفائيل سليمان المليحة الدور 3 | N72: =IF(O72="","",F72&"|"&O72) -> ميخائيل|19 | O72: =IF(OR(C72="",F72=""),"",COUNTIFS(F$6:F72,F72,C$6:C72,"<>")) -> 19 | P72: =IF($O72="","",IFERROR(CHOOSE(MATCH($F72,الإعدادات!$B$4:$B$7,0),INDEX('حضور سوريال'!$C$7:$C$36,$O72),INDEX('حضور غبريال'!$C$7:$C$36,$O72),INDEX('حضور رفائيل'!$C$7:$C$36,$O72),INDEX('حضور ميخائيل'!$C$7:$C$36,$O72)),"")) -> 0 | Q72: =IF($O72="","",IFERROR(CHOOSE(MATCH($F72,الإعدادات!$B$4:$B$7,0),INDEX('حضور سوريال'!$D$7:$D$36,$O72),INDEX('حضور غبريال'!$D$7:$D$36,$O72),INDEX('حضور رفائيل'!$D$7:$D$36,$O72),INDEX('حضور ميخائيل'!$D$7:$D$36,$O72)),"")) -> 0 | R72: =IF($O72="","",IFERROR(CHOOSE(MATCH($F72,الإعدادات!$B$4:$B$7,0),INDEX('حضور سوريال'!$F$7:$F$36,$O72),INDEX('حضور غبريال'!$F$7:$F$36,$O72),INDEX('حضور رفائيل'!$F$7:$F$36,$O72),INDEX('حضور ميخائيل'!$F$7:$F$36,$O72)),"")) | S72: =IF($O72="","",IFERROR(CHOOSE(MATCH($F72,الإعدادات!$B$4:$B$7,0),INDEX('حضور سوريال'!$G$7:$G$36,$O72),INDEX('حضور غبريال'!$G$7:$G$36,$O72),INDEX('حضور رفائيل'!$G$7:$G$36,$O72),INDEX('حضور ميخائيل'!$G$7:$G$36,$O72)),"")) -> 0 | T72: =IF($O72="","",IFERROR(CHOOSE(MATCH($F72,الإعدادات!$B$4:$B$7,0),INDEX('حضور سوريال'!$H$7:$H$36,$O72),INDEX('حضور غبريال'!$H$7:$H$36,$O72),INDEX('حضور رفائيل'!$H$7:$H$36,$O72),INDEX('حضور ميخائيل'!$H$7:$H$36,$O72)),"")) -> — | U72: =IF($O72="","",IFERROR(CHOOSE(MATCH($F72,الإعدادات!$B$4:$B$7,0),INDEX('حضور سوريال'!$I$7:$I$36,$O72),INDEX('حضور غبريال'!$I$7:$I$36,$O72),INDEX('حضور رفائيل'!$I$7:$I$36,$O72),INDEX('حضور ميخائيل'!$I$7:$I$36,$O72)),"")) -> ⏳ لسه مفيش حضور | V72: =IF($O72="","",IFERROR(CHOOSE(MATCH($F72,الإعدادات!$B$4:$B$7,0),INDEX('حضور سوريال'!$BM$7:$BM$36,$O72),INDEX('حضور غبريال'!$BM$7:$BM$36,$O72),INDEX('حضور رفائيل'!$BM$7:$BM$36,$O72),INDEX('حضور ميخائيل'!$BM$7:$BM$36,$O72)),"")) -> 0 | W72: =IF(OR(V72=3,V72=4),COUNTIFS(V$6:V72,3)+COUNTIFS(V$6:V72,4),"")
A73: =IF(C73="","",ROW()-5) -> 68 | B73: =IF(C73="","","B-"&TEXT(ROW()-5,"000")) -> B-068 | C73: يوسف بيشوى مجدى | D73: ولد | E73: سنة أولى | F73: ميخائيل | G73: لا | H73: 01225121226 | J73: 6 شارع عبد الرحمن نصر من ترعة الجبل الزيتون شقة 14 الدور 4 | N73: =IF(O73="","",F73&"|"&O73) -> ميخائيل|20 | O73: =IF(OR(C73="",F73=""),"",COUNTIFS(F$6:F73,F73,C$6:C73,"<>")) -> 20 | P73: =IF($O73="","",IFERROR(CHOOSE(MATCH($F73,الإعدادات!$B$4:$B$7,0),INDEX('حضور سوريال'!$C$7:$C$36,$O73),INDEX('حضور غبريال'!$C$7:$C$36,$O73),INDEX('حضور رفائيل'!$C$7:$C$36,$O73),INDEX('حضور ميخائيل'!$C$7:$C$36,$O73)),"")) -> 0 | Q73: =IF($O73="","",IFERROR(CHOOSE(MATCH($F73,الإعدادات!$B$4:$B$7,0),INDEX('حضور سوريال'!$D$7:$D$36,$O73),INDEX('حضور غبريال'!$D$7:$D$36,$O73),INDEX('حضور رفائيل'!$D$7:$D$36,$O73),INDEX('حضور ميخائيل'!$D$7:$D$36,$O73)),"")) -> 0 | R73: =IF($O73="","",IFERROR(CHOOSE(MATCH($F73,الإعدادات!$B$4:$B$7,0),INDEX('حضور سوريال'!$F$7:$F$36,$O73),INDEX('حضور غبريال'!$F$7:$F$36,$O73),INDEX('حضور رفائيل'!$F$7:$F$36,$O73),INDEX('حضور ميخائيل'!$F$7:$F$36,$O73)),"")) | S73: =IF($O73="","",IFERROR(CHOOSE(MATCH($F73,الإعدادات!$B$4:$B$7,0),INDEX('حضور سوريال'!$G$7:$G$36,$O73),INDEX('حضور غبريال'!$G$7:$G$36,$O73),INDEX('حضور رفائيل'!$G$7:$G$36,$O73),INDEX('حضور ميخائيل'!$G$7:$G$36,$O73)),"")) -> 0 | T73: =IF($O73="","",IFERROR(CHOOSE(MATCH($F73,الإعدادات!$B$4:$B$7,0),INDEX('حضور سوريال'!$H$7:$H$36,$O73),INDEX('حضور غبريال'!$H$7:$H$36,$O73),INDEX('حضور رفائيل'!$H$7:$H$36,$O73),INDEX('حضور ميخائيل'!$H$7:$H$36,$O73)),"")) -> — | U73: =IF($O73="","",IFERROR(CHOOSE(MATCH($F73,الإعدادات!$B$4:$B$7,0),INDEX('حضور سوريال'!$I$7:$I$36,$O73),INDEX('حضور غبريال'!$I$7:$I$36,$O73),INDEX('حضور رفائيل'!$I$7:$I$36,$O73),INDEX('حضور ميخائيل'!$I$7:$I$36,$O73)),"")) -> ⏳ لسه مفيش حضور | V73: =IF($O73="","",IFERROR(CHOOSE(MATCH($F73,الإعدادات!$B$4:$B$7,0),INDEX('حضور سوريال'!$BM$7:$BM$36,$O73),INDEX('حضور غبريال'!$BM$7:$BM$36,$O73),INDEX('حضور رفائيل'!$BM$7:$BM$36,$O73),INDEX('حضور ميخائيل'!$BM$7:$BM$36,$O73)),"")) -> 0 | W73: =IF(OR(V73=3,V73=4),COUNTIFS(V$6:V73,3)+COUNTIFS(V$6:V73,4),"")
A74: =IF(C74="","",ROW()-5) -> 69 | B74: =IF(C74="","","B-"&TEXT(ROW()-5,"000")) -> B-069 | C74: ايرينى رومانى موريس | D74: بنت | E74: سنة أولى | F74: رفائيل | G74: لا | H74: 01280565829 | J74: 41 شارع علي شعراوي - الدور 4 - | N74: =IF(O74="","",F74&"|"&O74) -> رفائيل|1 | O74: =IF(OR(C74="",F74=""),"",COUNTIFS(F$6:F74,F74,C$6:C74,"<>")) -> 1 | P74: =IF($O74="","",IFERROR(CHOOSE(MATCH($F74,الإعدادات!$B$4:$B$7,0),INDEX('حضور سوريال'!$C$7:$C$36,$O74),INDEX('حضور غبريال'!$C$7:$C$36,$O74),INDEX('حضور رفائيل'!$C$7:$C$36,$O74),INDEX('حضور ميخائيل'!$C$7:$C$36,$O74)),"")) -> 0 | Q74: =IF($O74="","",IFERROR(CHOOSE(MATCH($F74,الإعدادات!$B$4:$B$7,0),INDEX('حضور سوريال'!$D$7:$D$36,$O74),INDEX('حضور غبريال'!$D$7:$D$36,$O74),INDEX('حضور رفائيل'!$D$7:$D$36,$O74),INDEX('حضور ميخائيل'!$D$7:$D$36,$O74)),"")) -> 0 | R74: =IF($O74="","",IFERROR(CHOOSE(MATCH($F74,الإعدادات!$B$4:$B$7,0),INDEX('حضور سوريال'!$F$7:$F$36,$O74),INDEX('حضور غبريال'!$F$7:$F$36,$O74),INDEX('حضور رفائيل'!$F$7:$F$36,$O74),INDEX('حضور ميخائيل'!$F$7:$F$36,$O74)),"")) | S74: =IF($O74="","",IFERROR(CHOOSE(MATCH($F74,الإعدادات!$B$4:$B$7,0),INDEX('حضور سوريال'!$G$7:$G$36,$O74),INDEX('حضور غبريال'!$G$7:$G$36,$O74),INDEX('حضور رفائيل'!$G$7:$G$36,$O74),INDEX('حضور ميخائيل'!$G$7:$G$36,$O74)),"")) -> 0 | T74: =IF($O74="","",IFERROR(CHOOSE(MATCH($F74,الإعدادات!$B$4:$B$7,0),INDEX('حضور سوريال'!$H$7:$H$36,$O74),INDEX('حضور غبريال'!$H$7:$H$36,$O74),INDEX('حضور رفائيل'!$H$7:$H$36,$O74),INDEX('حضور ميخائيل'!$H$7:$H$36,$O74)),"")) -> — | U74: =IF($O74="","",IFERROR(CHOOSE(MATCH($F74,الإعدادات!$B$4:$B$7,0),INDEX('حضور سوريال'!$I$7:$I$36,$O74),INDEX('حضور غبريال'!$I$7:$I$36,$O74),INDEX('حضور رفائيل'!$I$7:$I$36,$O74),INDEX('حضور ميخائيل'!$I$7:$I$36,$O74)),"")) -> ⏳ لسه مفيش حضور | V74: =IF($O74="","",IFERROR(CHOOSE(MATCH($F74,الإعدادات!$B$4:$B$7,0),INDEX('حضور سوريال'!$BM$7:$BM$36,$O74),INDEX('حضور غبريال'!$BM$7:$BM$36,$O74),INDEX('حضور رفائيل'!$BM$7:$BM$36,$O74),INDEX('حضور ميخائيل'!$BM$7:$BM$36,$O74)),"")) -> 0 | W74: =IF(OR(V74=3,V74=4),COUNTIFS(V$6:V74,3)+COUNTIFS(V$6:V74,4),"")
A75: =IF(C75="","",ROW()-5) -> 70 | B75: =IF(C75="","","B-"&TEXT(ROW()-5,"000")) -> B-070 | C75: ايلينا مايكل ايليا | D75: بنت | E75: سنة أولى | F75: رفائيل | G75: لا | H75: 01207353504 | I75: 01101654955 | J75: 133 شارع مصر والسودان (العدرا المليحة) - شقة 30 الدور 6 - عند كوافير أميرة/ شمال الاسانسير / الشقة اللى فى الوش | N75: =IF(O75="","",F75&"|"&O75) -> رفائيل|2 | O75: =IF(OR(C75="",F75=""),"",COUNTIFS(F$6:F75,F75,C$6:C75,"<>")) -> 2 | P75: =IF($O75="","",IFERROR(CHOOSE(MATCH($F75,الإعدادات!$B$4:$B$7,0),INDEX('حضور سوريال'!$C$7:$C$36,$O75),INDEX('حضور غبريال'!$C$7:$C$36,$O75),INDEX('حضور رفائيل'!$C$7:$C$36,$O75),INDEX('حضور ميخائيل'!$C$7:$C$36,$O75)),"")) -> 0 | Q75: =IF($O75="","",IFERROR(CHOOSE(MATCH($F75,الإعدادات!$B$4:$B$7,0),INDEX('حضور سوريال'!$D$7:$D$36,$O75),INDEX('حضور غبريال'!$D$7:$D$36,$O75),INDEX('حضور رفائيل'!$D$7:$D$36,$O75),INDEX('حضور ميخائيل'!$D$7:$D$36,$O75)),"")) -> 0 | R75: =IF($O75="","",IFERROR(CHOOSE(MATCH($F75,الإعدادات!$B$4:$B$7,0),INDEX('حضور سوريال'!$F$7:$F$36,$O75),INDEX('حضور غبريال'!$F$7:$F$36,$O75),INDEX('حضور رفائيل'!$F$7:$F$36,$O75),INDEX('حضور ميخائيل'!$F$7:$F$36,$O75)),"")) | S75: =IF($O75="","",IFERROR(CHOOSE(MATCH($F75,الإعدادات!$B$4:$B$7,0),INDEX('حضور سوريال'!$G$7:$G$36,$O75),INDEX('حضور غبريال'!$G$7:$G$36,$O75),INDEX('حضور رفائيل'!$G$7:$G$36,$O75),INDEX('حضور ميخائيل'!$G$7:$G$36,$O75)),"")) -> 0 | T75: =IF($O75="","",IFERROR(CHOOSE(MATCH($F75,الإعدادات!$B$4:$B$7,0),INDEX('حضور سوريال'!$H$7:$H$36,$O75),INDEX('حضور غبريال'!$H$7:$H$36,$O75),INDEX('حضور رفائيل'!$H$7:$H$36,$O75),INDEX('حضور ميخائيل'!$H$7:$H$36,$O75)),"")) -> — | U75: =IF($O75="","",IFERROR(CHOOSE(MATCH($F75,الإعدادات!$B$4:$B$7,0),INDEX('حضور سوريال'!$I$7:$I$36,$O75),INDEX('حضور غبريال'!$I$7:$I$36,$O75),INDEX('حضور رفائيل'!$I$7:$I$36,$O75),INDEX('حضور ميخائيل'!$I$7:$I$36,$O75)),"")) -> ⏳ لسه مفيش حضور | V75: =IF($O75="","",IFERROR(CHOOSE(MATCH($F75,الإعدادات!$B$4:$B$7,0),INDEX('حضور سوريال'!$BM$7:$BM$36,$O75),INDEX('حضور غبريال'!$BM$7:$BM$36,$O75),INDEX('حضور رفائيل'!$BM$7:$BM$36,$O75),INDEX('حضور ميخائيل'!$BM$7:$BM$36,$O75)),"")) -> 0 | W75: =IF(OR(V75=3,V75=4),COUNTIFS(V$6:V75,3)+COUNTIFS(V$6:V75,4),"")
A76: =IF(C76="","",ROW()-5) -> 71 | B76: =IF(C76="","","B-"&TEXT(ROW()-5,"000")) -> B-071 | C76: إيلينا مينا عاطف عزمى | D76: بنت | E76: سنة أولى | F76: رفائيل | G76: لا | H76: 01274774282 | J76: 4 شارع عاصم - شقة 4 الدور 2 - عاصم متفرع من ش على شعراوى امام بيم | N76: =IF(O76="","",F76&"|"&O76) -> رفائيل|3 | O76: =IF(OR(C76="",F76=""),"",COUNTIFS(F$6:F76,F76,C$6:C76,"<>")) -> 3 | P76: =IF($O76="","",IFERROR(CHOOSE(MATCH($F76,الإعدادات!$B$4:$B$7,0),INDEX('حضور سوريال'!$C$7:$C$36,$O76),INDEX('حضور غبريال'!$C$7:$C$36,$O76),INDEX('حضور رفائيل'!$C$7:$C$36,$O76),INDEX('حضور ميخائيل'!$C$7:$C$36,$O76)),"")) -> 0 | Q76: =IF($O76="","",IFERROR(CHOOSE(MATCH($F76,الإعدادات!$B$4:$B$7,0),INDEX('حضور سوريال'!$D$7:$D$36,$O76),INDEX('حضور غبريال'!$D$7:$D$36,$O76),INDEX('حضور رفائيل'!$D$7:$D$36,$O76),INDEX('حضور ميخائيل'!$D$7:$D$36,$O76)),"")) -> 0 | R76: =IF($O76="","",IFERROR(CHOOSE(MATCH($F76,الإعدادات!$B$4:$B$7,0),INDEX('حضور سوريال'!$F$7:$F$36,$O76),INDEX('حضور غبريال'!$F$7:$F$36,$O76),INDEX('حضور رفائيل'!$F$7:$F$36,$O76),INDEX('حضور ميخائيل'!$F$7:$F$36,$O76)),"")) | S76: =IF($O76="","",IFERROR(CHOOSE(MATCH($F76,الإعدادات!$B$4:$B$7,0),INDEX('حضور سوريال'!$G$7:$G$36,$O76),INDEX('حضور غبريال'!$G$7:$G$36,$O76),INDEX('حضور رفائيل'!$G$7:$G$36,$O76),INDEX('حضور ميخائيل'!$G$7:$G$36,$O76)),"")) -> 0 | T76: =IF($O76="","",IFERROR(CHOOSE(MATCH($F76,الإعدادات!$B$4:$B$7,0),INDEX('حضور سوريال'!$H$7:$H$36,$O76),INDEX('حضور غبريال'!$H$7:$H$36,$O76),INDEX('حضور رفائيل'!$H$7:$H$36,$O76),INDEX('حضور ميخائيل'!$H$7:$H$36,$O76)),"")) -> — | U76: =IF($O76="","",IFERROR(CHOOSE(MATCH($F76,الإعدادات!$B$4:$B$7,0),INDEX('حضور سوريال'!$I$7:$I$36,$O76),INDEX('حضور غبريال'!$I$7:$I$36,$O76),INDEX('حضور رفائيل'!$I$7:$I$36,$O76),INDEX('حضور ميخائيل'!$I$7:$I$36,$O76)),"")) -> ⏳ لسه مفيش حضور | V76: =IF($O76="","",IFERROR(CHOOSE(MATCH($F76,الإعدادات!$B$4:$B$7,0),INDEX('حضور سوريال'!$BM$7:$BM$36,$O76),INDEX('حضور غبريال'!$BM$7:$BM$36,$O76),INDEX('حضور رفائيل'!$BM$7:$BM$36,$O76),INDEX('حضور ميخائيل'!$BM$7:$BM$36,$O76)),"")) -> 0 | W76: =IF(OR(V76=3,V76=4),COUNTIFS(V$6:V76,3)+COUNTIFS(V$6:V76,4),"")
A77: =IF(C77="","",ROW()-5) -> 72 | B77: =IF(C77="","","B-"&TEXT(ROW()-5,"000")) -> B-072 | C77: بيشوي نجيب محفوظ وغيرس مسدارى | D77: ولد | E77: سنة أولى | F77: رفائيل | G77: لا | H77: 01287675246 | J77: 20 شارع اسماعيل الشيمي - شقة 7 الدور 2 - عند سوبر ماركت الشرقاوي / خلف السرايا مول | N77: =IF(O77="","",F77&"|"&O77) -> رفائيل|4 | O77: =IF(OR(C77="",F77=""),"",COUNTIFS(F$6:F77,F77,C$6:C77,"<>")) -> 4 | P77: =IF($O77="","",IFERROR(CHOOSE(MATCH($F77,الإعدادات!$B$4:$B$7,0),INDEX('حضور سوريال'!$C$7:$C$36,$O77),INDEX('حضور غبريال'!$C$7:$C$36,$O77),INDEX('حضور رفائيل'!$C$7:$C$36,$O77),INDEX('حضور ميخائيل'!$C$7:$C$36,$O77)),"")) -> 0 | Q77: =IF($O77="","",IFERROR(CHOOSE(MATCH($F77,الإعدادات!$B$4:$B$7,0),INDEX('حضور سوريال'!$D$7:$D$36,$O77),INDEX('حضور غبريال'!$D$7:$D$36,$O77),INDEX('حضور رفائيل'!$D$7:$D$36,$O77),INDEX('حضور ميخائيل'!$D$7:$D$36,$O77)),"")) -> 0 | R77: =IF($O77="","",IFERROR(CHOOSE(MATCH($F77,الإعدادات!$B$4:$B$7,0),INDEX('حضور سوريال'!$F$7:$F$36,$O77),INDEX('حضور غبريال'!$F$7:$F$36,$O77),INDEX('حضور رفائيل'!$F$7:$F$36,$O77),INDEX('حضور ميخائيل'!$F$7:$F$36,$O77)),"")) | S77: =IF($O77="","",IFERROR(CHOOSE(MATCH($F77,الإعدادات!$B$4:$B$7,0),INDEX('حضور سوريال'!$G$7:$G$36,$O77),INDEX('حضور غبريال'!$G$7:$G$36,$O77),INDEX('حضور رفائيل'!$G$7:$G$36,$O77),INDEX('حضور ميخائيل'!$G$7:$G$36,$O77)),"")) -> 0 | T77: =IF($O77="","",IFERROR(CHOOSE(MATCH($F77,الإعدادات!$B$4:$B$7,0),INDEX('حضور سوريال'!$H$7:$H$36,$O77),INDEX('حضور غبريال'!$H$7:$H$36,$O77),INDEX('حضور رفائيل'!$H$7:$H$36,$O77),INDEX('حضور ميخائيل'!$H$7:$H$36,$O77)),"")) -> — | U77: =IF($O77="","",IFERROR(CHOOSE(MATCH($F77,الإعدادات!$B$4:$B$7,0),INDEX('حضور سوريال'!$I$7:$I$36,$O77),INDEX('حضور غبريال'!$I$7:$I$36,$O77),INDEX('حضور رفائيل'!$I$7:$I$36,$O77),INDEX('حضور ميخائيل'!$I$7:$I$36,$O77)),"")) -> ⏳ لسه مفيش حضور | V77: =IF($O77="","",IFERROR(CHOOSE(MATCH($F77,الإعدادات!$B$4:$B$7,0),INDEX('حضور سوريال'!$BM$7:$BM$36,$O77),INDEX('حضور غبريال'!$BM$7:$BM$36,$O77),INDEX('حضور رفائيل'!$BM$7:$BM$36,$O77),INDEX('حضور ميخائيل'!$BM$7:$BM$36,$O77)),"")) -> 0 | W77: =IF(OR(V77=3,V77=4),COUNTIFS(V$6:V77,3)+COUNTIFS(V$6:V77,4),"")
A78: =IF(C78="","",ROW()-5) -> 73 | B78: =IF(C78="","","B-"&TEXT(ROW()-5,"000")) -> B-073 | C78: فيرونيكا جورج مكرم ايليا جاد | D78: بنت | E78: سنة أولى | F78: رفائيل | G78: لا | H78: 01228908309 | J78: 9 شارع جميل عبد اللطيف - شقة 2 الدور 3 - حدائق القبه | N78: =IF(O78="","",F78&"|"&O78) -> رفائيل|5 | O78: =IF(OR(C78="",F78=""),"",COUNTIFS(F$6:F78,F78,C$6:C78,"<>")) -> 5 | P78: =IF($O78="","",IFERROR(CHOOSE(MATCH($F78,الإعدادات!$B$4:$B$7,0),INDEX('حضور سوريال'!$C$7:$C$36,$O78),INDEX('حضور غبريال'!$C$7:$C$36,$O78),INDEX('حضور رفائيل'!$C$7:$C$36,$O78),INDEX('حضور ميخائيل'!$C$7:$C$36,$O78)),"")) -> 0 | Q78: =IF($O78="","",IFERROR(CHOOSE(MATCH($F78,الإعدادات!$B$4:$B$7,0),INDEX('حضور سوريال'!$D$7:$D$36,$O78),INDEX('حضور غبريال'!$D$7:$D$36,$O78),INDEX('حضور رفائيل'!$D$7:$D$36,$O78),INDEX('حضور ميخائيل'!$D$7:$D$36,$O78)),"")) -> 0 | R78: =IF($O78="","",IFERROR(CHOOSE(MATCH($F78,الإعدادات!$B$4:$B$7,0),INDEX('حضور سوريال'!$F$7:$F$36,$O78),INDEX('حضور غبريال'!$F$7:$F$36,$O78),INDEX('حضور رفائيل'!$F$7:$F$36,$O78),INDEX('حضور ميخائيل'!$F$7:$F$36,$O78)),"")) | S78: =IF($O78="","",IFERROR(CHOOSE(MATCH($F78,الإعدادات!$B$4:$B$7,0),INDEX('حضور سوريال'!$G$7:$G$36,$O78),INDEX('حضور غبريال'!$G$7:$G$36,$O78),INDEX('حضور رفائيل'!$G$7:$G$36,$O78),INDEX('حضور ميخائيل'!$G$7:$G$36,$O78)),"")) -> 0 | T78: =IF($O78="","",IFERROR(CHOOSE(MATCH($F78,الإعدادات!$B$4:$B$7,0),INDEX('حضور سوريال'!$H$7:$H$36,$O78),INDEX('حضور غبريال'!$H$7:$H$36,$O78),INDEX('حضور رفائيل'!$H$7:$H$36,$O78),INDEX('حضور ميخائيل'!$H$7:$H$36,$O78)),"")) -> — | U78: =IF($O78="","",IFERROR(CHOOSE(MATCH($F78,الإعدادات!$B$4:$B$7,0),INDEX('حضور سوريال'!$I$7:$I$36,$O78),INDEX('حضور غبريال'!$I$7:$I$36,$O78),INDEX('حضور رفائيل'!$I$7:$I$36,$O78),INDEX('حضور ميخائيل'!$I$7:$I$36,$O78)),"")) -> ⏳ لسه مفيش حضور | V78: =IF($O78="","",IFERROR(CHOOSE(MATCH($F78,الإعدادات!$B$4:$B$7,0),INDEX('حضور سوريال'!$BM$7:$BM$36,$O78),INDEX('حضور غبريال'!$BM$7:$BM$36,$O78),INDEX('حضور رفائيل'!$BM$7:$BM$36,$O78),INDEX('حضور ميخائيل'!$BM$7:$BM$36,$O78)),"")) -> 0 | W78: =IF(OR(V78=3,V78=4),COUNTIFS(V$6:V78,3)+COUNTIFS(V$6:V78,4),"")
A79: =IF(C79="","",ROW()-5) -> 74 | B79: =IF(C79="","","B-"&TEXT(ROW()-5,"000")) -> B-074 | C79: فيلوباتير وجدى سعيد فوزى | D79: ولد | E79: سنة أولى | F79: رفائيل | G79: لا | H79: 01223470881 | I79: 01284012589 | J79: 8 شارع الكواكبى - شقة 6 الدور 2 | N79: =IF(O79="","",F79&"|"&O79) -> رفائيل|6 | O79: =IF(OR(C79="",F79=""),"",COUNTIFS(F$6:F79,F79,C$6:C79,"<>")) -> 6 | P79: =IF($O79="","",IFERROR(CHOOSE(MATCH($F79,الإعدادات!$B$4:$B$7,0),INDEX('حضور سوريال'!$C$7:$C$36,$O79),INDEX('حضور غبريال'!$C$7:$C$36,$O79),INDEX('حضور رفائيل'!$C$7:$C$36,$O79),INDEX('حضور ميخائيل'!$C$7:$C$36,$O79)),"")) -> 0 | Q79: =IF($O79="","",IFERROR(CHOOSE(MATCH($F79,الإعدادات!$B$4:$B$7,0),INDEX('حضور سوريال'!$D$7:$D$36,$O79),INDEX('حضور غبريال'!$D$7:$D$36,$O79),INDEX('حضور رفائيل'!$D$7:$D$36,$O79),INDEX('حضور ميخائيل'!$D$7:$D$36,$O79)),"")) -> 0 | R79: =IF($O79="","",IFERROR(CHOOSE(MATCH($F79,الإعدادات!$B$4:$B$7,0),INDEX('حضور سوريال'!$F$7:$F$36,$O79),INDEX('حضور غبريال'!$F$7:$F$36,$O79),INDEX('حضور رفائيل'!$F$7:$F$36,$O79),INDEX('حضور ميخائيل'!$F$7:$F$36,$O79)),"")) | S79: =IF($O79="","",IFERROR(CHOOSE(MATCH($F79,الإعدادات!$B$4:$B$7,0),INDEX('حضور سوريال'!$G$7:$G$36,$O79),INDEX('حضور غبريال'!$G$7:$G$36,$O79),INDEX('حضور رفائيل'!$G$7:$G$36,$O79),INDEX('حضور ميخائيل'!$G$7:$G$36,$O79)),"")) -> 0 | T79: =IF($O79="","",IFERROR(CHOOSE(MATCH($F79,الإعدادات!$B$4:$B$7,0),INDEX('حضور سوريال'!$H$7:$H$36,$O79),INDEX('حضور غبريال'!$H$7:$H$36,$O79),INDEX('حضور رفائيل'!$H$7:$H$36,$O79),INDEX('حضور ميخائيل'!$H$7:$H$36,$O79)),"")) -> — | U79: =IF($O79="","",IFERROR(CHOOSE(MATCH($F79,الإعدادات!$B$4:$B$7,0),INDEX('حضور سوريال'!$I$7:$I$36,$O79),INDEX('حضور غبريال'!$I$7:$I$36,$O79),INDEX('حضور رفائيل'!$I$7:$I$36,$O79),INDEX('حضور ميخائيل'!$I$7:$I$36,$O79)),"")) -> ⏳ لسه مفيش حضور | V79: =IF($O79="","",IFERROR(CHOOSE(MATCH($F79,الإعدادات!$B$4:$B$7,0),INDEX('حضور سوريال'!$BM$7:$BM$36,$O79),INDEX('حضور غبريال'!$BM$7:$BM$36,$O79),INDEX('حضور رفائيل'!$BM$7:$BM$36,$O79),INDEX('حضور ميخائيل'!$BM$7:$BM$36,$O79)),"")) -> 0 | W79: =IF(OR(V79=3,V79=4),COUNTIFS(V$6:V79,3)+COUNTIFS(V$6:V79,4),"")
A80: =IF(C80="","",ROW()-5) -> 75 | B80: =IF(C80="","","B-"&TEXT(ROW()-5,"000")) -> B-075 | C80: فيلومينا فادى ريمون شحاته | D80: بنت | E80: سنة أولى | F80: رفائيل | G80: لا | H80: 01222311637 | J80: 6 شارع الكواكبى - شقة 1 الدور 4 | N80: =IF(O80="","",F80&"|"&O80) -> رفائيل|7 | O80: =IF(OR(C80="",F80=""),"",COUNTIFS(F$6:F80,F80,C$6:C80,"<>")) -> 7 | P80: =IF($O80="","",IFERROR(CHOOSE(MATCH($F80,الإعدادات!$B$4:$B$7,0),INDEX('حضور سوريال'!$C$7:$C$36,$O80),INDEX('حضور غبريال'!$C$7:$C$36,$O80),INDEX('حضور رفائيل'!$C$7:$C$36,$O80),INDEX('حضور ميخائيل'!$C$7:$C$36,$O80)),"")) -> 0 | Q80: =IF($O80="","",IFERROR(CHOOSE(MATCH($F80,الإعدادات!$B$4:$B$7,0),INDEX('حضور سوريال'!$D$7:$D$36,$O80),INDEX('حضور غبريال'!$D$7:$D$36,$O80),INDEX('حضور رفائيل'!$D$7:$D$36,$O80),INDEX('حضور ميخائيل'!$D$7:$D$36,$O80)),"")) -> 0 | R80: =IF($O80="","",IFERROR(CHOOSE(MATCH($F80,الإعدادات!$B$4:$B$7,0),INDEX('حضور سوريال'!$F$7:$F$36,$O80),INDEX('حضور غبريال'!$F$7:$F$36,$O80),INDEX('حضور رفائيل'!$F$7:$F$36,$O80),INDEX('حضور ميخائيل'!$F$7:$F$36,$O80)),"")) | S80: =IF($O80="","",IFERROR(CHOOSE(MATCH($F80,الإعدادات!$B$4:$B$7,0),INDEX('حضور سوريال'!$G$7:$G$36,$O80),INDEX('حضور غبريال'!$G$7:$G$36,$O80),INDEX('حضور رفائيل'!$G$7:$G$36,$O80),INDEX('حضور ميخائيل'!$G$7:$G$36,$O80)),"")) -> 0 | T80: =IF($O80="","",IFERROR(CHOOSE(MATCH($F80,الإعدادات!$B$4:$B$7,0),INDEX('حضور سوريال'!$H$7:$H$36,$O80),INDEX('حضور غبريال'!$H$7:$H$36,$O80),INDEX('حضور رفائيل'!$H$7:$H$36,$O80),INDEX('حضور ميخائيل'!$H$7:$H$36,$O80)),"")) -> — | U80: =IF($O80="","",IFERROR(CHOOSE(MATCH($F80,الإعدادات!$B$4:$B$7,0),INDEX('حضور سوريال'!$I$7:$I$36,$O80),INDEX('حضور غبريال'!$I$7:$I$36,$O80),INDEX('حضور رفائيل'!$I$7:$I$36,$O80),INDEX('حضور ميخائيل'!$I$7:$I$36,$O80)),"")) -> ⏳ لسه مفيش حضور | V80: =IF($O80="","",IFERROR(CHOOSE(MATCH($F80,الإعدادات!$B$4:$B$7,0),INDEX('حضور سوريال'!$BM$7:$BM$36,$O80),INDEX('حضور غبريال'!$BM$7:$BM$36,$O80),INDEX('حضور رفائيل'!$BM$7:$BM$36,$O80),INDEX('حضور ميخائيل'!$BM$7:$BM$36,$O80)),"")) -> 0 | W80: =IF(OR(V80=3,V80=4),COUNTIFS(V$6:V80,3)+COUNTIFS(V$6:V80,4),"")
A81: =IF(C81="","",ROW()-5) -> 76 | B81: =IF(C81="","","B-"&TEXT(ROW()-5,"000")) -> B-076 | C81: كيرلس عماد سعيد | D81: ولد | E81: سنة أولى | F81: رفائيل | G81: لا | H81: 01226248546 | J81: 8 شارع الكواكبى - شقة 16 الدور 6 - اليمين | N81: =IF(O81="","",F81&"|"&O81) -> رفائيل|8 | O81: =IF(OR(C81="",F81=""),"",COUNTIFS(F$6:F81,F81,C$6:C81,"<>")) -> 8 | P81: =IF($O81="","",IFERROR(CHOOSE(MATCH($F81,الإعدادات!$B$4:$B$7,0),INDEX('حضور سوريال'!$C$7:$C$36,$O81),INDEX('حضور غبريال'!$C$7:$C$36,$O81),INDEX('حضور رفائيل'!$C$7:$C$36,$O81),INDEX('حضور ميخائيل'!$C$7:$C$36,$O81)),"")) -> 0 | Q81: =IF($O81="","",IFERROR(CHOOSE(MATCH($F81,الإعدادات!$B$4:$B$7,0),INDEX('حضور سوريال'!$D$7:$D$36,$O81),INDEX('حضور غبريال'!$D$7:$D$36,$O81),INDEX('حضور رفائيل'!$D$7:$D$36,$O81),INDEX('حضور ميخائيل'!$D$7:$D$36,$O81)),"")) -> 0 | R81: =IF($O81="","",IFERROR(CHOOSE(MATCH($F81,الإعدادات!$B$4:$B$7,0),INDEX('حضور سوريال'!$F$7:$F$36,$O81),INDEX('حضور غبريال'!$F$7:$F$36,$O81),INDEX('حضور رفائيل'!$F$7:$F$36,$O81),INDEX('حضور ميخائيل'!$F$7:$F$36,$O81)),"")) | S81: =IF($O81="","",IFERROR(CHOOSE(MATCH($F81,الإعدادات!$B$4:$B$7,0),INDEX('حضور سوريال'!$G$7:$G$36,$O81),INDEX('حضور غبريال'!$G$7:$G$36,$O81),INDEX('حضور رفائيل'!$G$7:$G$36,$O81),INDEX('حضور ميخائيل'!$G$7:$G$36,$O81)),"")) -> 0 | T81: =IF($O81="","",IFERROR(CHOOSE(MATCH($F81,الإعدادات!$B$4:$B$7,0),INDEX('حضور سوريال'!$H$7:$H$36,$O81),INDEX('حضور غبريال'!$H$7:$H$36,$O81),INDEX('حضور رفائيل'!$H$7:$H$36,$O81),INDEX('حضور ميخائيل'!$H$7:$H$36,$O81)),"")) -> — | U81: =IF($O81="","",IFERROR(CHOOSE(MATCH($F81,الإعدادات!$B$4:$B$7,0),INDEX('حضور سوريال'!$I$7:$I$36,$O81),INDEX('حضور غبريال'!$I$7:$I$36,$O81),INDEX('حضور رفائيل'!$I$7:$I$36,$O81),INDEX('حضور ميخائيل'!$I$7:$I$36,$O81)),"")) -> ⏳ لسه مفيش حضور | V81: =IF($O81="","",IFERROR(CHOOSE(MATCH($F81,الإعدادات!$B$4:$B$7,0),INDEX('حضور سوريال'!$BM$7:$BM$36,$O81),INDEX('حضور غبريال'!$BM$7:$BM$36,$O81),INDEX('حضور رفائيل'!$BM$7:$BM$36,$O81),INDEX('حضور ميخائيل'!$BM$7:$BM$36,$O81)),"")) -> 0 | W81: =IF(OR(V81=3,V81=4),COUNTIFS(V$6:V81,3)+COUNTIFS(V$6:V81,4),"")
A82: =IF(C82="","",ROW()-5) -> 77 | B82: =IF(C82="","","B-"&TEXT(ROW()-5,"000")) -> B-077 | C82: مارك عماد فتحى عبد الله | D82: ولد | E82: سنة أولى | F82: رفائيل | G82: لا | H82: 01202144309 | J82: 3 شارع عبد الله جبرة - الدور 4 - من شارع دياب فهمي - حدائق القبه | N82: =IF(O82="","",F82&"|"&O82) -> رفائيل|9 | O82: =IF(OR(C82="",F82=""),"",COUNTIFS(F$6:F82,F82,C$6:C82,"<>")) -> 9 | P82: =IF($O82="","",IFERROR(CHOOSE(MATCH($F82,الإعدادات!$B$4:$B$7,0),INDEX('حضور سوريال'!$C$7:$C$36,$O82),INDEX('حضور غبريال'!$C$7:$C$36,$O82),INDEX('حضور رفائيل'!$C$7:$C$36,$O82),INDEX('حضور ميخائيل'!$C$7:$C$36,$O82)),"")) -> 0 | Q82: =IF($O82="","",IFERROR(CHOOSE(MATCH($F82,الإعدادات!$B$4:$B$7,0),INDEX('حضور سوريال'!$D$7:$D$36,$O82),INDEX('حضور غبريال'!$D$7:$D$36,$O82),INDEX('حضور رفائيل'!$D$7:$D$36,$O82),INDEX('حضور ميخائيل'!$D$7:$D$36,$O82)),"")) -> 0 | R82: =IF($O82="","",IFERROR(CHOOSE(MATCH($F82,الإعدادات!$B$4:$B$7,0),INDEX('حضور سوريال'!$F$7:$F$36,$O82),INDEX('حضور غبريال'!$F$7:$F$36,$O82),INDEX('حضور رفائيل'!$F$7:$F$36,$O82),INDEX('حضور ميخائيل'!$F$7:$F$36,$O82)),"")) | S82: =IF($O82="","",IFERROR(CHOOSE(MATCH($F82,الإعدادات!$B$4:$B$7,0),INDEX('حضور سوريال'!$G$7:$G$36,$O82),INDEX('حضور غبريال'!$G$7:$G$36,$O82),INDEX('حضور رفائيل'!$G$7:$G$36,$O82),INDEX('حضور ميخائيل'!$G$7:$G$36,$O82)),"")) -> 0 | T82: =IF($O82="","",IFERROR(CHOOSE(MATCH($F82,الإعدادات!$B$4:$B$7,0),INDEX('حضور سوريال'!$H$7:$H$36,$O82),INDEX('حضور غبريال'!$H$7:$H$36,$O82),INDEX('حضور رفائيل'!$H$7:$H$36,$O82),INDEX('حضور ميخائيل'!$H$7:$H$36,$O82)),"")) -> — | U82: =IF($O82="","",IFERROR(CHOOSE(MATCH($F82,الإعدادات!$B$4:$B$7,0),INDEX('حضور سوريال'!$I$7:$I$36,$O82),INDEX('حضور غبريال'!$I$7:$I$36,$O82),INDEX('حضور رفائيل'!$I$7:$I$36,$O82),INDEX('حضور ميخائيل'!$I$7:$I$36,$O82)),"")) -> ⏳ لسه مفيش حضور | V82: =IF($O82="","",IFERROR(CHOOSE(MATCH($F82,الإعدادات!$B$4:$B$7,0),INDEX('حضور سوريال'!$BM$7:$BM$36,$O82),INDEX('حضور غبريال'!$BM$7:$BM$36,$O82),INDEX('حضور رفائيل'!$BM$7:$BM$36,$O82),INDEX('حضور ميخائيل'!$BM$7:$BM$36,$O82)),"")) -> 0 | W82: =IF(OR(V82=3,V82=4),COUNTIFS(V$6:V82,3)+COUNTIFS(V$6:V82,4),"")
A83: =IF(C83="","",ROW()-5) -> 78 | B83: =IF(C83="","","B-"&TEXT(ROW()-5,"000")) -> B-078 | C83: مارولا رومانى مسعد | D83: بنت | E83: سنة أولى | F83: رفائيل | G83: لا | H83: 01207004037 | J83: 8 شارع عبد الملاك حنين - الدور 2 | N83: =IF(O83="","",F83&"|"&O83) -> رفائيل|10 | O83: =IF(OR(C83="",F83=""),"",COUNTIFS(F$6:F83,F83,C$6:C83,"<>")) -> 10 | P83: =IF($O83="","",IFERROR(CHOOSE(MATCH($F83,الإعدادات!$B$4:$B$7,0),INDEX('حضور سوريال'!$C$7:$C$36,$O83),INDEX('حضور غبريال'!$C$7:$C$36,$O83),INDEX('حضور رفائيل'!$C$7:$C$36,$O83),INDEX('حضور ميخائيل'!$C$7:$C$36,$O83)),"")) -> 0 | Q83: =IF($O83="","",IFERROR(CHOOSE(MATCH($F83,الإعدادات!$B$4:$B$7,0),INDEX('حضور سوريال'!$D$7:$D$36,$O83),INDEX('حضور غبريال'!$D$7:$D$36,$O83),INDEX('حضور رفائيل'!$D$7:$D$36,$O83),INDEX('حضور ميخائيل'!$D$7:$D$36,$O83)),"")) -> 0 | R83: =IF($O83="","",IFERROR(CHOOSE(MATCH($F83,الإعدادات!$B$4:$B$7,0),INDEX('حضور سوريال'!$F$7:$F$36,$O83),INDEX('حضور غبريال'!$F$7:$F$36,$O83),INDEX('حضور رفائيل'!$F$7:$F$36,$O83),INDEX('حضور ميخائيل'!$F$7:$F$36,$O83)),"")) | S83: =IF($O83="","",IFERROR(CHOOSE(MATCH($F83,الإعدادات!$B$4:$B$7,0),INDEX('حضور سوريال'!$G$7:$G$36,$O83),INDEX('حضور غبريال'!$G$7:$G$36,$O83),INDEX('حضور رفائيل'!$G$7:$G$36,$O83),INDEX('حضور ميخائيل'!$G$7:$G$36,$O83)),"")) -> 0 | T83: =IF($O83="","",IFERROR(CHOOSE(MATCH($F83,الإعدادات!$B$4:$B$7,0),INDEX('حضور سوريال'!$H$7:$H$36,$O83),INDEX('حضور غبريال'!$H$7:$H$36,$O83),INDEX('حضور رفائيل'!$H$7:$H$36,$O83),INDEX('حضور ميخائيل'!$H$7:$H$36,$O83)),"")) -> — | U83: =IF($O83="","",IFERROR(CHOOSE(MATCH($F83,الإعدادات!$B$4:$B$7,0),INDEX('حضور سوريال'!$I$7:$I$36,$O83),INDEX('حضور غبريال'!$I$7:$I$36,$O83),INDEX('حضور رفائيل'!$I$7:$I$36,$O83),INDEX('حضور ميخائيل'!$I$7:$I$36,$O83)),"")) -> ⏳ لسه مفيش حضور | V83: =IF($O83="","",IFERROR(CHOOSE(MATCH($F83,الإعدادات!$B$4:$B$7,0),INDEX('حضور سوريال'!$BM$7:$BM$36,$O83),INDEX('حضور غبريال'!$BM$7:$BM$36,$O83),INDEX('حضور رفائيل'!$BM$7:$BM$36,$O83),INDEX('حضور ميخائيل'!$BM$7:$BM$36,$O83)),"")) -> 0 | W83: =IF(OR(V83=3,V83=4),COUNTIFS(V$6:V83,3)+COUNTIFS(V$6:V83,4),"")
A84: =IF(C84="","",ROW()-5) -> 79 | B84: =IF(C84="","","B-"&TEXT(ROW()-5,"000")) -> B-079 | C84: مايا ميلاد قصد الله | D84: بنت | E84: سنة أولى | F84: رفائيل | G84: لا | H84: 01281130870 | J84: 4 شارع زهراء اكتوبر الجديدة (حى الزهور) - الدور 5 - من دياب فهمى المنطقة: المليحة - حدائق القبة | N84: =IF(O84="","",F84&"|"&O84) -> رفائيل|11 | O84: =IF(OR(C84="",F84=""),"",COUNTIFS(F$6:F84,F84,C$6:C84,"<>")) -> 11 | P84: =IF($O84="","",IFERROR(CHOOSE(MATCH($F84,الإعدادات!$B$4:$B$7,0),INDEX('حضور سوريال'!$C$7:$C$36,$O84),INDEX('حضور غبريال'!$C$7:$C$36,$O84),INDEX('حضور رفائيل'!$C$7:$C$36,$O84),INDEX('حضور ميخائيل'!$C$7:$C$36,$O84)),"")) -> 0 | Q84: =IF($O84="","",IFERROR(CHOOSE(MATCH($F84,الإعدادات!$B$4:$B$7,0),INDEX('حضور سوريال'!$D$7:$D$36,$O84),INDEX('حضور غبريال'!$D$7:$D$36,$O84),INDEX('حضور رفائيل'!$D$7:$D$36,$O84),INDEX('حضور ميخائيل'!$D$7:$D$36,$O84)),"")) -> 0 | R84: =IF($O84="","",IFERROR(CHOOSE(MATCH($F84,الإعدادات!$B$4:$B$7,0),INDEX('حضور سوريال'!$F$7:$F$36,$O84),INDEX('حضور غبريال'!$F$7:$F$36,$O84),INDEX('حضور رفائيل'!$F$7:$F$36,$O84),INDEX('حضور ميخائيل'!$F$7:$F$36,$O84)),"")) | S84: =IF($O84="","",IFERROR(CHOOSE(MATCH($F84,الإعدادات!$B$4:$B$7,0),INDEX('حضور سوريال'!$G$7:$G$36,$O84),INDEX('حضور غبريال'!$G$7:$G$36,$O84),INDEX('حضور رفائيل'!$G$7:$G$36,$O84),INDEX('حضور ميخائيل'!$G$7:$G$36,$O84)),"")) -> 0 | T84: =IF($O84="","",IFERROR(CHOOSE(MATCH($F84,الإعدادات!$B$4:$B$7,0),INDEX('حضور سوريال'!$H$7:$H$36,$O84),INDEX('حضور غبريال'!$H$7:$H$36,$O84),INDEX('حضور رفائيل'!$H$7:$H$36,$O84),INDEX('حضور ميخائيل'!$H$7:$H$36,$O84)),"")) -> — | U84: =IF($O84="","",IFERROR(CHOOSE(MATCH($F84,الإعدادات!$B$4:$B$7,0),INDEX('حضور سوريال'!$I$7:$I$36,$O84),INDEX('حضور غبريال'!$I$7:$I$36,$O84),INDEX('حضور رفائيل'!$I$7:$I$36,$O84),INDEX('حضور ميخائيل'!$I$7:$I$36,$O84)),"")) -> ⏳ لسه مفيش حضور | V84: =IF($O84="","",IFERROR(CHOOSE(MATCH($F84,الإعدادات!$B$4:$B$7,0),INDEX('حضور سوريال'!$BM$7:$BM$36,$O84),INDEX('حضور غبريال'!$BM$7:$BM$36,$O84),INDEX('حضور رفائيل'!$BM$7:$BM$36,$O84),INDEX('حضور ميخائيل'!$BM$7:$BM$36,$O84)),"")) -> 0 | W84: =IF(OR(V84=3,V84=4),COUNTIFS(V$6:V84,3)+COUNTIFS(V$6:V84,4),"")
A85: =IF(C85="","",ROW()-5) -> 80 | B85: =IF(C85="","","B-"&TEXT(ROW()-5,"000")) -> B-080 | C85: ميلانو ميلاد اسكندر موسى | D85: بنت | E85: سنة أولى | F85: رفائيل | G85: لا | H85: 01270605272 | J85: 25 شارع دياب فهمى - شقة 1 - الشقة اللى جوة | N85: =IF(O85="","",F85&"|"&O85) -> رفائيل|12 | O85: =IF(OR(C85="",F85=""),"",COUNTIFS(F$6:F85,F85,C$6:C85,"<>")) -> 12 | P85: =IF($O85="","",IFERROR(CHOOSE(MATCH($F85,الإعدادات!$B$4:$B$7,0),INDEX('حضور سوريال'!$C$7:$C$36,$O85),INDEX('حضور غبريال'!$C$7:$C$36,$O85),INDEX('حضور رفائيل'!$C$7:$C$36,$O85),INDEX('حضور ميخائيل'!$C$7:$C$36,$O85)),"")) -> 0 | Q85: =IF($O85="","",IFERROR(CHOOSE(MATCH($F85,الإعدادات!$B$4:$B$7,0),INDEX('حضور سوريال'!$D$7:$D$36,$O85),INDEX('حضور غبريال'!$D$7:$D$36,$O85),INDEX('حضور رفائيل'!$D$7:$D$36,$O85),INDEX('حضور ميخائيل'!$D$7:$D$36,$O85)),"")) -> 0 | R85: =IF($O85="","",IFERROR(CHOOSE(MATCH($F85,الإعدادات!$B$4:$B$7,0),INDEX('حضور سوريال'!$F$7:$F$36,$O85),INDEX('حضور غبريال'!$F$7:$F$36,$O85),INDEX('حضور رفائيل'!$F$7:$F$36,$O85),INDEX('حضور ميخائيل'!$F$7:$F$36,$O85)),"")) | S85: =IF($O85="","",IFERROR(CHOOSE(MATCH($F85,الإعدادات!$B$4:$B$7,0),INDEX('حضور سوريال'!$G$7:$G$36,$O85),INDEX('حضور غبريال'!$G$7:$G$36,$O85),INDEX('حضور رفائيل'!$G$7:$G$36,$O85),INDEX('حضور ميخائيل'!$G$7:$G$36,$O85)),"")) -> 0 | T85: =IF($O85="","",IFERROR(CHOOSE(MATCH($F85,الإعدادات!$B$4:$B$7,0),INDEX('حضور سوريال'!$H$7:$H$36,$O85),INDEX('حضور غبريال'!$H$7:$H$36,$O85),INDEX('حضور رفائيل'!$H$7:$H$36,$O85),INDEX('حضور ميخائيل'!$H$7:$H$36,$O85)),"")) -> — | U85: =IF($O85="","",IFERROR(CHOOSE(MATCH($F85,الإعدادات!$B$4:$B$7,0),INDEX('حضور سوريال'!$I$7:$I$36,$O85),INDEX('حضور غبريال'!$I$7:$I$36,$O85),INDEX('حضور رفائيل'!$I$7:$I$36,$O85),INDEX('حضور ميخائيل'!$I$7:$I$36,$O85)),"")) -> ⏳ لسه مفيش حضور | V85: =IF($O85="","",IFERROR(CHOOSE(MATCH($F85,الإعدادات!$B$4:$B$7,0),INDEX('حضور سوريال'!$BM$7:$BM$36,$O85),INDEX('حضور غبريال'!$BM$7:$BM$36,$O85),INDEX('حضور رفائيل'!$BM$7:$BM$36,$O85),INDEX('حضور ميخائيل'!$BM$7:$BM$36,$O85)),"")) -> 0 | W85: =IF(OR(V85=3,V85=4),COUNTIFS(V$6:V85,3)+COUNTIFS(V$6:V85,4),"")
A86: =IF(C86="","",ROW()-5) -> 81 | B86: =IF(C86="","","B-"&TEXT(ROW()-5,"000")) -> B-081 | C86: ميلنيا فوزى فوزى | D86: بنت | E86: سنة أولى | F86: رفائيل | G86: لا | H86: 01289626257 | J86: 8 شارع الكواكبى - الدور 4 | N86: =IF(O86="","",F86&"|"&O86) -> رفائيل|13 | O86: =IF(OR(C86="",F86=""),"",COUNTIFS(F$6:F86,F86,C$6:C86,"<>")) -> 13 | P86: =IF($O86="","",IFERROR(CHOOSE(MATCH($F86,الإعدادات!$B$4:$B$7,0),INDEX('حضور سوريال'!$C$7:$C$36,$O86),INDEX('حضور غبريال'!$C$7:$C$36,$O86),INDEX('حضور رفائيل'!$C$7:$C$36,$O86),INDEX('حضور ميخائيل'!$C$7:$C$36,$O86)),"")) -> 0 | Q86: =IF($O86="","",IFERROR(CHOOSE(MATCH($F86,الإعدادات!$B$4:$B$7,0),INDEX('حضور سوريال'!$D$7:$D$36,$O86),INDEX('حضور غبريال'!$D$7:$D$36,$O86),INDEX('حضور رفائيل'!$D$7:$D$36,$O86),INDEX('حضور ميخائيل'!$D$7:$D$36,$O86)),"")) -> 0 | R86: =IF($O86="","",IFERROR(CHOOSE(MATCH($F86,الإعدادات!$B$4:$B$7,0),INDEX('حضور سوريال'!$F$7:$F$36,$O86),INDEX('حضور غبريال'!$F$7:$F$36,$O86),INDEX('حضور رفائيل'!$F$7:$F$36,$O86),INDEX('حضور ميخائيل'!$F$7:$F$36,$O86)),"")) | S86: =IF($O86="","",IFERROR(CHOOSE(MATCH($F86,الإعدادات!$B$4:$B$7,0),INDEX('حضور سوريال'!$G$7:$G$36,$O86),INDEX('حضور غبريال'!$G$7:$G$36,$O86),INDEX('حضور رفائيل'!$G$7:$G$36,$O86),INDEX('حضور ميخائيل'!$G$7:$G$36,$O86)),"")) -> 0 | T86: =IF($O86="","",IFERROR(CHOOSE(MATCH($F86,الإعدادات!$B$4:$B$7,0),INDEX('حضور سوريال'!$H$7:$H$36,$O86),INDEX('حضور غبريال'!$H$7:$H$36,$O86),INDEX('حضور رفائيل'!$H$7:$H$36,$O86),INDEX('حضور ميخائيل'!$H$7:$H$36,$O86)),"")) -> — | U86: =IF($O86="","",IFERROR(CHOOSE(MATCH($F86,الإعدادات!$B$4:$B$7,0),INDEX('حضور سوريال'!$I$7:$I$36,$O86),INDEX('حضور غبريال'!$I$7:$I$36,$O86),INDEX('حضور رفائيل'!$I$7:$I$36,$O86),INDEX('حضور ميخائيل'!$I$7:$I$36,$O86)),"")) -> ⏳ لسه مفيش حضور | V86: =IF($O86="","",IFERROR(CHOOSE(MATCH($F86,الإعدادات!$B$4:$B$7,0),INDEX('حضور سوريال'!$BM$7:$BM$36,$O86),INDEX('حضور غبريال'!$BM$7:$BM$36,$O86),INDEX('حضور رفائيل'!$BM$7:$BM$36,$O86),INDEX('حضور ميخائيل'!$BM$7:$BM$36,$O86)),"")) -> 0 | W86: =IF(OR(V86=3,V86=4),COUNTIFS(V$6:V86,3)+COUNTIFS(V$6:V86,4),"")
A87: =IF(C87="","",ROW()-5) -> 82 | B87: =IF(C87="","","B-"&TEXT(ROW()-5,"000")) -> B-082 | C87: مينا جرجس حليم | D87: ولد | E87: سنة أولى | F87: رفائيل | G87: لا | H87: 01288801369 | J87: 13 شارع علي شعراوي - مينا حفيد ابراهيم عند جده موقتا ولكن عنوانهم الزاوية الحمراء | N87: =IF(O87="","",F87&"|"&O87) -> رفائيل|14 | O87: =IF(OR(C87="",F87=""),"",COUNTIFS(F$6:F87,F87,C$6:C87,"<>")) -> 14 | P87: =IF($O87="","",IFERROR(CHOOSE(MATCH($F87,الإعدادات!$B$4:$B$7,0),INDEX('حضور سوريال'!$C$7:$C$36,$O87),INDEX('حضور غبريال'!$C$7:$C$36,$O87),INDEX('حضور رفائيل'!$C$7:$C$36,$O87),INDEX('حضور ميخائيل'!$C$7:$C$36,$O87)),"")) -> 0 | Q87: =IF($O87="","",IFERROR(CHOOSE(MATCH($F87,الإعدادات!$B$4:$B$7,0),INDEX('حضور سوريال'!$D$7:$D$36,$O87),INDEX('حضور غبريال'!$D$7:$D$36,$O87),INDEX('حضور رفائيل'!$D$7:$D$36,$O87),INDEX('حضور ميخائيل'!$D$7:$D$36,$O87)),"")) -> 0 | R87: =IF($O87="","",IFERROR(CHOOSE(MATCH($F87,الإعدادات!$B$4:$B$7,0),INDEX('حضور سوريال'!$F$7:$F$36,$O87),INDEX('حضور غبريال'!$F$7:$F$36,$O87),INDEX('حضور رفائيل'!$F$7:$F$36,$O87),INDEX('حضور ميخائيل'!$F$7:$F$36,$O87)),"")) | S87: =IF($O87="","",IFERROR(CHOOSE(MATCH($F87,الإعدادات!$B$4:$B$7,0),INDEX('حضور سوريال'!$G$7:$G$36,$O87),INDEX('حضور غبريال'!$G$7:$G$36,$O87),INDEX('حضور رفائيل'!$G$7:$G$36,$O87),INDEX('حضور ميخائيل'!$G$7:$G$36,$O87)),"")) -> 0 | T87: =IF($O87="","",IFERROR(CHOOSE(MATCH($F87,الإعدادات!$B$4:$B$7,0),INDEX('حضور سوريال'!$H$7:$H$36,$O87),INDEX('حضور غبريال'!$H$7:$H$36,$O87),INDEX('حضور رفائيل'!$H$7:$H$36,$O87),INDEX('حضور ميخائيل'!$H$7:$H$36,$O87)),"")) -> — | U87: =IF($O87="","",IFERROR(CHOOSE(MATCH($F87,الإعدادات!$B$4:$B$7,0),INDEX('حضور سوريال'!$I$7:$I$36,$O87),INDEX('حضور غبريال'!$I$7:$I$36,$O87),INDEX('حضور رفائيل'!$I$7:$I$36,$O87),INDEX('حضور ميخائيل'!$I$7:$I$36,$O87)),"")) -> ⏳ لسه مفيش حضور | V87: =IF($O87="","",IFERROR(CHOOSE(MATCH($F87,الإعدادات!$B$4:$B$7,0),INDEX('حضور سوريال'!$BM$7:$BM$36,$O87),INDEX('حضور غبريال'!$BM$7:$BM$36,$O87),INDEX('حضور رفائيل'!$BM$7:$BM$36,$O87),INDEX('حضور ميخائيل'!$BM$7:$BM$36,$O87)),"")) -> 0 | W87: =IF(OR(V87=3,V87=4),COUNTIFS(V$6:V87,3)+COUNTIFS(V$6:V87,4),"")
A88: =IF(C88="","",ROW()-5) -> 83 | B88: =IF(C88="","","B-"&TEXT(ROW()-5,"000")) -> B-083 | C88: مينا عادل ناهد ثابت | D88: ولد | E88: سنة أولى | F88: رفائيل | G88: لا | H88: 01204552325 | J88: 18 شارع قاسم امين - شقة 808 الدور 8 - برج كوين بلازا | N88: =IF(O88="","",F88&"|"&O88) -> رفائيل|15 | O88: =IF(OR(C88="",F88=""),"",COUNTIFS(F$6:F88,F88,C$6:C88,"<>")) -> 15 | P88: =IF($O88="","",IFERROR(CHOOSE(MATCH($F88,الإعدادات!$B$4:$B$7,0),INDEX('حضور سوريال'!$C$7:$C$36,$O88),INDEX('حضور غبريال'!$C$7:$C$36,$O88),INDEX('حضور رفائيل'!$C$7:$C$36,$O88),INDEX('حضور ميخائيل'!$C$7:$C$36,$O88)),"")) -> 0 | Q88: =IF($O88="","",IFERROR(CHOOSE(MATCH($F88,الإعدادات!$B$4:$B$7,0),INDEX('حضور سوريال'!$D$7:$D$36,$O88),INDEX('حضور غبريال'!$D$7:$D$36,$O88),INDEX('حضور رفائيل'!$D$7:$D$36,$O88),INDEX('حضور ميخائيل'!$D$7:$D$36,$O88)),"")) -> 0 | R88: =IF($O88="","",IFERROR(CHOOSE(MATCH($F88,الإعدادات!$B$4:$B$7,0),INDEX('حضور سوريال'!$F$7:$F$36,$O88),INDEX('حضور غبريال'!$F$7:$F$36,$O88),INDEX('حضور رفائيل'!$F$7:$F$36,$O88),INDEX('حضور ميخائيل'!$F$7:$F$36,$O88)),"")) | S88: =IF($O88="","",IFERROR(CHOOSE(MATCH($F88,الإعدادات!$B$4:$B$7,0),INDEX('حضور سوريال'!$G$7:$G$36,$O88),INDEX('حضور غبريال'!$G$7:$G$36,$O88),INDEX('حضور رفائيل'!$G$7:$G$36,$O88),INDEX('حضور ميخائيل'!$G$7:$G$36,$O88)),"")) -> 0 | T88: =IF($O88="","",IFERROR(CHOOSE(MATCH($F88,الإعدادات!$B$4:$B$7,0),INDEX('حضور سوريال'!$H$7:$H$36,$O88),INDEX('حضور غبريال'!$H$7:$H$36,$O88),INDEX('حضور رفائيل'!$H$7:$H$36,$O88),INDEX('حضور ميخائيل'!$H$7:$H$36,$O88)),"")) -> — | U88: =IF($O88="","",IFERROR(CHOOSE(MATCH($F88,الإعدادات!$B$4:$B$7,0),INDEX('حضور سوريال'!$I$7:$I$36,$O88),INDEX('حضور غبريال'!$I$7:$I$36,$O88),INDEX('حضور رفائيل'!$I$7:$I$36,$O88),INDEX('حضور ميخائيل'!$I$7:$I$36,$O88)),"")) -> ⏳ لسه مفيش حضور | V88: =IF($O88="","",IFERROR(CHOOSE(MATCH($F88,الإعدادات!$B$4:$B$7,0),INDEX('حضور سوريال'!$BM$7:$BM$36,$O88),INDEX('حضور غبريال'!$BM$7:$BM$36,$O88),INDEX('حضور رفائيل'!$BM$7:$BM$36,$O88),INDEX('حضور ميخائيل'!$BM$7:$BM$36,$O88)),"")) -> 0 | W88: =IF(OR(V88=3,V88=4),COUNTIFS(V$6:V88,3)+COUNTIFS(V$6:V88,4),"")
A89: =IF(C89="","",ROW()-5) -> 84 | B89: =IF(C89="","","B-"&TEXT(ROW()-5,"000")) -> B-084 | C89: نور مينا شلبى | D89: ولد | E89: سنة أولى | F89: رفائيل | G89: لا | H89: 01286447225 | J89: 6 شارع الكواكبى - الدور 4 - برج بانوراما الحدايق / شمال الاسانسير | N89: =IF(O89="","",F89&"|"&O89) -> رفائيل|16 | O89: =IF(OR(C89="",F89=""),"",COUNTIFS(F$6:F89,F89,C$6:C89,"<>")) -> 16 | P89: =IF($O89="","",IFERROR(CHOOSE(MATCH($F89,الإعدادات!$B$4:$B$7,0),INDEX('حضور سوريال'!$C$7:$C$36,$O89),INDEX('حضور غبريال'!$C$7:$C$36,$O89),INDEX('حضور رفائيل'!$C$7:$C$36,$O89),INDEX('حضور ميخائيل'!$C$7:$C$36,$O89)),"")) -> 0 | Q89: =IF($O89="","",IFERROR(CHOOSE(MATCH($F89,الإعدادات!$B$4:$B$7,0),INDEX('حضور سوريال'!$D$7:$D$36,$O89),INDEX('حضور غبريال'!$D$7:$D$36,$O89),INDEX('حضور رفائيل'!$D$7:$D$36,$O89),INDEX('حضور ميخائيل'!$D$7:$D$36,$O89)),"")) -> 0 | R89: =IF($O89="","",IFERROR(CHOOSE(MATCH($F89,الإعدادات!$B$4:$B$7,0),INDEX('حضور سوريال'!$F$7:$F$36,$O89),INDEX('حضور غبريال'!$F$7:$F$36,$O89),INDEX('حضور رفائيل'!$F$7:$F$36,$O89),INDEX('حضور ميخائيل'!$F$7:$F$36,$O89)),"")) | S89: =IF($O89="","",IFERROR(CHOOSE(MATCH($F89,الإعدادات!$B$4:$B$7,0),INDEX('حضور سوريال'!$G$7:$G$36,$O89),INDEX('حضور غبريال'!$G$7:$G$36,$O89),INDEX('حضور رفائيل'!$G$7:$G$36,$O89),INDEX('حضور ميخائيل'!$G$7:$G$36,$O89)),"")) -> 0 | T89: =IF($O89="","",IFERROR(CHOOSE(MATCH($F89,الإعدادات!$B$4:$B$7,0),INDEX('حضور سوريال'!$H$7:$H$36,$O89),INDEX('حضور غبريال'!$H$7:$H$36,$O89),INDEX('حضور رفائيل'!$H$7:$H$36,$O89),INDEX('حضور ميخائيل'!$H$7:$H$36,$O89)),"")) -> — | U89: =IF($O89="","",IFERROR(CHOOSE(MATCH($F89,الإعدادات!$B$4:$B$7,0),INDEX('حضور سوريال'!$I$7:$I$36,$O89),INDEX('حضور غبريال'!$I$7:$I$36,$O89),INDEX('حضور رفائيل'!$I$7:$I$36,$O89),INDEX('حضور ميخائيل'!$I$7:$I$36,$O89)),"")) -> ⏳ لسه مفيش حضور | V89: =IF($O89="","",IFERROR(CHOOSE(MATCH($F89,الإعدادات!$B$4:$B$7,0),INDEX('حضور سوريال'!$BM$7:$BM$36,$O89),INDEX('حضور غبريال'!$BM$7:$BM$36,$O89),INDEX('حضور رفائيل'!$BM$7:$BM$36,$O89),INDEX('حضور ميخائيل'!$BM$7:$BM$36,$O89)),"")) -> 0 | W89: =IF(OR(V89=3,V89=4),COUNTIFS(V$6:V89,3)+COUNTIFS(V$6:V89,4),"")
A90: =IF(C90="","",ROW()-5) -> 85 | B90: =IF(C90="","","B-"&TEXT(ROW()-5,"000")) -> B-085 | C90: نوڤير سمير انور تامر بشاى | D90: ولد | E90: سنة أولى | F90: رفائيل | G90: لا | H90: 01288999494 | J90: 3 شارع الترعه يمين - امام الصرف الصحى - شقة 3 الدور 3 - شارع الصرف الصحى عزبه عامر المرج الجديدة بيت الجدة فى روفائيل سليمان المليحة حدائق القبة رقم 10 | N90: =IF(O90="","",F90&"|"&O90) -> رفائيل|17 | O90: =IF(OR(C90="",F90=""),"",COUNTIFS(F$6:F90,F90,C$6:C90,"<>")) -> 17 | P90: =IF($O90="","",IFERROR(CHOOSE(MATCH($F90,الإعدادات!$B$4:$B$7,0),INDEX('حضور سوريال'!$C$7:$C$36,$O90),INDEX('حضور غبريال'!$C$7:$C$36,$O90),INDEX('حضور رفائيل'!$C$7:$C$36,$O90),INDEX('حضور ميخائيل'!$C$7:$C$36,$O90)),"")) -> 0 | Q90: =IF($O90="","",IFERROR(CHOOSE(MATCH($F90,الإعدادات!$B$4:$B$7,0),INDEX('حضور سوريال'!$D$7:$D$36,$O90),INDEX('حضور غبريال'!$D$7:$D$36,$O90),INDEX('حضور رفائيل'!$D$7:$D$36,$O90),INDEX('حضور ميخائيل'!$D$7:$D$36,$O90)),"")) -> 0 | R90: =IF($O90="","",IFERROR(CHOOSE(MATCH($F90,الإعدادات!$B$4:$B$7,0),INDEX('حضور سوريال'!$F$7:$F$36,$O90),INDEX('حضور غبريال'!$F$7:$F$36,$O90),INDEX('حضور رفائيل'!$F$7:$F$36,$O90),INDEX('حضور ميخائيل'!$F$7:$F$36,$O90)),"")) | S90: =IF($O90="","",IFERROR(CHOOSE(MATCH($F90,الإعدادات!$B$4:$B$7,0),INDEX('حضور سوريال'!$G$7:$G$36,$O90),INDEX('حضور غبريال'!$G$7:$G$36,$O90),INDEX('حضور رفائيل'!$G$7:$G$36,$O90),INDEX('حضور ميخائيل'!$G$7:$G$36,$O90)),"")) -> 0 | T90: =IF($O90="","",IFERROR(CHOOSE(MATCH($F90,الإعدادات!$B$4:$B$7,0),INDEX('حضور سوريال'!$H$7:$H$36,$O90),INDEX('حضور غبريال'!$H$7:$H$36,$O90),INDEX('حضور رفائيل'!$H$7:$H$36,$O90),INDEX('حضور ميخائيل'!$H$7:$H$36,$O90)),"")) -> — | U90: =IF($O90="","",IFERROR(CHOOSE(MATCH($F90,الإعدادات!$B$4:$B$7,0),INDEX('حضور سوريال'!$I$7:$I$36,$O90),INDEX('حضور غبريال'!$I$7:$I$36,$O90),INDEX('حضور رفائيل'!$I$7:$I$36,$O90),INDEX('حضور ميخائيل'!$I$7:$I$36,$O90)),"")) -> ⏳ لسه مفيش حضور | V90: =IF($O90="","",IFERROR(CHOOSE(MATCH($F90,الإعدادات!$B$4:$B$7,0),INDEX('حضور سوريال'!$BM$7:$BM$36,$O90),INDEX('حضور غبريال'!$BM$7:$BM$36,$O90),INDEX('حضور رفائيل'!$BM$7:$BM$36,$O90),INDEX('حضور ميخائيل'!$BM$7:$BM$36,$O90)),"")) -> 0 | W90: =IF(OR(V90=3,V90=4),COUNTIFS(V$6:V90,3)+COUNTIFS(V$6:V90,4),"")
A91: =IF(C91="","",ROW()-5) | B91: =IF(C91="","","B-"&TEXT(ROW()-5,"000")) | N91: =IF(O91="","",F91&"|"&O91) | O91: =IF(OR(C91="",F91=""),"",COUNTIFS(F$6:F91,F91,C$6:C91,"<>")) | P91: =IF($O91="","",IFERROR(CHOOSE(MATCH($F91,الإعدادات!$B$4:$B$7,0),INDEX('حضور سوريال'!$C$7:$C$36,$O91),INDEX('حضور غبريال'!$C$7:$C$36,$O91),INDEX('حضور رفائيل'!$C$7:$C$36,$O91),INDEX('حضور ميخائيل'!$C$7:$C$36,$O91)),"")) | Q91: =IF($O91="","",IFERROR(CHOOSE(MATCH($F91,الإعدادات!$B$4:$B$7,0),INDEX('حضور سوريال'!$D$7:$D$36,$O91),INDEX('حضور غبريال'!$D$7:$D$36,$O91),INDEX('حضور رفائيل'!$D$7:$D$36,$O91),INDEX('حضور ميخائيل'!$D$7:$D$36,$O91)),"")) | R91: =IF($O91="","",IFERROR(CHOOSE(MATCH($F91,الإعدادات!$B$4:$B$7,0),INDEX('حضور سوريال'!$F$7:$F$36,$O91),INDEX('حضور غبريال'!$F$7:$F$36,$O91),INDEX('حضور رفائيل'!$F$7:$F$36,$O91),INDEX('حضور ميخائيل'!$F$7:$F$36,$O91)),"")) | S91: =IF($O91="","",IFERROR(CHOOSE(MATCH($F91,الإعدادات!$B$4:$B$7,0),INDEX('حضور سوريال'!$G$7:$G$36,$O91),INDEX('حضور غبريال'!$G$7:$G$36,$O91),INDEX('حضور رفائيل'!$G$7:$G$36,$O91),INDEX('حضور ميخائيل'!$G$7:$G$36,$O91)),"")) | T91: =IF($O91="","",IFERROR(CHOOSE(MATCH($F91,الإعدادات!$B$4:$B$7,0),INDEX('حضور سوريال'!$H$7:$H$36,$O91),INDEX('حضور غبريال'!$H$7:$H$36,$O91),INDEX('حضور رفائيل'!$H$7:$H$36,$O91),INDEX('حضور ميخائيل'!$H$7:$H$36,$O91)),"")) | U91: =IF($O91="","",IFERROR(CHOOSE(MATCH($F91,الإعدادات!$B$4:$B$7,0),INDEX('حضور سوريال'!$I$7:$I$36,$O91),INDEX('حضور غبريال'!$I$7:$I$36,$O91),INDEX('حضور رفائيل'!$I$7:$I$36,$O91),INDEX('حضور ميخائيل'!$I$7:$I$36,$O91)),"")) | V91: =IF($O91="","",IFERROR(CHOOSE(MATCH($F91,الإعدادات!$B$4:$B$7,0),INDEX('حضور سوريال'!$BM$7:$BM$36,$O91),INDEX('حضور غبريال'!$BM$7:$BM$36,$O91),INDEX('حضور رفائيل'!$BM$7:$BM$36,$O91),INDEX('حضور ميخائيل'!$BM$7:$BM$36,$O91)),"")) | W91: =IF(OR(V91=3,V91=4),COUNTIFS(V$6:V91,3)+COUNTIFS(V$6:V91,4),"")
A92: =IF(C92="","",ROW()-5) | B92: =IF(C92="","","B-"&TEXT(ROW()-5,"000")) | N92: =IF(O92="","",F92&"|"&O92) | O92: =IF(OR(C92="",F92=""),"",COUNTIFS(F$6:F92,F92,C$6:C92,"<>")) | P92: =IF($O92="","",IFERROR(CHOOSE(MATCH($F92,الإعدادات!$B$4:$B$7,0),INDEX('حضور سوريال'!$C$7:$C$36,$O92),INDEX('حضور غبريال'!$C$7:$C$36,$O92),INDEX('حضور رفائيل'!$C$7:$C$36,$O92),INDEX('حضور ميخائيل'!$C$7:$C$36,$O92)),"")) | Q92: =IF($O92="","",IFERROR(CHOOSE(MATCH($F92,الإعدادات!$B$4:$B$7,0),INDEX('حضور سوريال'!$D$7:$D$36,$O92),INDEX('حضور غبريال'!$D$7:$D$36,$O92),INDEX('حضور رفائيل'!$D$7:$D$36,$O92),INDEX('حضور ميخائيل'!$D$7:$D$36,$O92)),"")) | R92: =IF($O92="","",IFERROR(CHOOSE(MATCH($F92,الإعدادات!$B$4:$B$7,0),INDEX('حضور سوريال'!$F$7:$F$36,$O92),INDEX('حضور غبريال'!$F$7:$F$36,$O92),INDEX('حضور رفائيل'!$F$7:$F$36,$O92),INDEX('حضور ميخائيل'!$F$7:$F$36,$O92)),"")) | S92: =IF($O92="","",IFERROR(CHOOSE(MATCH($F92,الإعدادات!$B$4:$B$7,0),INDEX('حضور سوريال'!$G$7:$G$36,$O92),INDEX('حضور غبريال'!$G$7:$G$36,$O92),INDEX('حضور رفائيل'!$G$7:$G$36,$O92),INDEX('حضور ميخائيل'!$G$7:$G$36,$O92)),"")) | T92: =IF($O92="","",IFERROR(CHOOSE(MATCH($F92,الإعدادات!$B$4:$B$7,0),INDEX('حضور سوريال'!$H$7:$H$36,$O92),INDEX('حضور غبريال'!$H$7:$H$36,$O92),INDEX('حضور رفائيل'!$H$7:$H$36,$O92),INDEX('حضور ميخائيل'!$H$7:$H$36,$O92)),"")) | U92: =IF($O92="","",IFERROR(CHOOSE(MATCH($F92,الإعدادات!$B$4:$B$7,0),INDEX('حضور سوريال'!$I$7:$I$36,$O92),INDEX('حضور غبريال'!$I$7:$I$36,$O92),INDEX('حضور رفائيل'!$I$7:$I$36,$O92),INDEX('حضور ميخائيل'!$I$7:$I$36,$O92)),"")) | V92: =IF($O92="","",IFERROR(CHOOSE(MATCH($F92,الإعدادات!$B$4:$B$7,0),INDEX('حضور سوريال'!$BM$7:$BM$36,$O92),INDEX('حضور غبريال'!$BM$7:$BM$36,$O92),INDEX('حضور رفائيل'!$BM$7:$BM$36,$O92),INDEX('حضور ميخائيل'!$BM$7:$BM$36,$O92)),"")) | W92: =IF(OR(V92=3,V92=4),COUNTIFS(V$6:V92,3)+COUNTIFS(V$6:V92,4),"")
A93: =IF(C93="","",ROW()-5) | B93: =IF(C93="","","B-"&TEXT(ROW()-5,"000")) | N93: =IF(O93="","",F93&"|"&O93) | O93: =IF(OR(C93="",F93=""),"",COUNTIFS(F$6:F93,F93,C$6:C93,"<>")) | P93: =IF($O93="","",IFERROR(CHOOSE(MATCH($F93,الإعدادات!$B$4:$B$7,0),INDEX('حضور سوريال'!$C$7:$C$36,$O93),INDEX('حضور غبريال'!$C$7:$C$36,$O93),INDEX('حضور رفائيل'!$C$7:$C$36,$O93),INDEX('حضور ميخائيل'!$C$7:$C$36,$O93)),"")) | Q93: =IF($O93="","",IFERROR(CHOOSE(MATCH($F93,الإعدادات!$B$4:$B$7,0),INDEX('حضور سوريال'!$D$7:$D$36,$O93),INDEX('حضور غبريال'!$D$7:$D$36,$O93),INDEX('حضور رفائيل'!$D$7:$D$36,$O93),INDEX('حضور ميخائيل'!$D$7:$D$36,$O93)),"")) | R93: =IF($O93="","",IFERROR(CHOOSE(MATCH($F93,الإعدادات!$B$4:$B$7,0),INDEX('حضور سوريال'!$F$7:$F$36,$O93),INDEX('حضور غبريال'!$F$7:$F$36,$O93),INDEX('حضور رفائيل'!$F$7:$F$36,$O93),INDEX('حضور ميخائيل'!$F$7:$F$36,$O93)),"")) | S93: =IF($O93="","",IFERROR(CHOOSE(MATCH($F93,الإعدادات!$B$4:$B$7,0),INDEX('حضور سوريال'!$G$7:$G$36,$O93),INDEX('حضور غبريال'!$G$7:$G$36,$O93),INDEX('حضور رفائيل'!$G$7:$G$36,$O93),INDEX('حضور ميخائيل'!$G$7:$G$36,$O93)),"")) | T93: =IF($O93="","",IFERROR(CHOOSE(MATCH($F93,الإعدادات!$B$4:$B$7,0),INDEX('حضور سوريال'!$H$7:$H$36,$O93),INDEX('حضور غبريال'!$H$7:$H$36,$O93),INDEX('حضور رفائيل'!$H$7:$H$36,$O93),INDEX('حضور ميخائيل'!$H$7:$H$36,$O93)),"")) | U93: =IF($O93="","",IFERROR(CHOOSE(MATCH($F93,الإعدادات!$B$4:$B$7,0),INDEX('حضور سوريال'!$I$7:$I$36,$O93),INDEX('حضور غبريال'!$I$7:$I$36,$O93),INDEX('حضور رفائيل'!$I$7:$I$36,$O93),INDEX('حضور ميخائيل'!$I$7:$I$36,$O93)),"")) | V93: =IF($O93="","",IFERROR(CHOOSE(MATCH($F93,الإعدادات!$B$4:$B$7,0),INDEX('حضور سوريال'!$BM$7:$BM$36,$O93),INDEX('حضور غبريال'!$BM$7:$BM$36,$O93),INDEX('حضور رفائيل'!$BM$7:$BM$36,$O93),INDEX('حضور ميخائيل'!$BM$7:$BM$36,$O93)),"")) | W93: =IF(OR(V93=3,V93=4),COUNTIFS(V$6:V93,3)+COUNTIFS(V$6:V93,4),"")
A94: =IF(C94="","",ROW()-5) | B94: =IF(C94="","","B-"&TEXT(ROW()-5,"000")) | N94: =IF(O94="","",F94&"|"&O94) | O94: =IF(OR(C94="",F94=""),"",COUNTIFS(F$6:F94,F94,C$6:C94,"<>")) | P94: =IF($O94="","",IFERROR(CHOOSE(MATCH($F94,الإعدادات!$B$4:$B$7,0),INDEX('حضور سوريال'!$C$7:$C$36,$O94),INDEX('حضور غبريال'!$C$7:$C$36,$O94),INDEX('حضور رفائيل'!$C$7:$C$36,$O94),INDEX('حضور ميخائيل'!$C$7:$C$36,$O94)),"")) | Q94: =IF($O94="","",IFERROR(CHOOSE(MATCH($F94,الإعدادات!$B$4:$B$7,0),INDEX('حضور سوريال'!$D$7:$D$36,$O94),INDEX('حضور غبريال'!$D$7:$D$36,$O94),INDEX('حضور رفائيل'!$D$7:$D$36,$O94),INDEX('حضور ميخائيل'!$D$7:$D$36,$O94)),"")) | R94: =IF($O94="","",IFERROR(CHOOSE(MATCH($F94,الإعدادات!$B$4:$B$7,0),INDEX('حضور سوريال'!$F$7:$F$36,$O94),INDEX('حضور غبريال'!$F$7:$F$36,$O94),INDEX('حضور رفائيل'!$F$7:$F$36,$O94),INDEX('حضور ميخائيل'!$F$7:$F$36,$O94)),"")) | S94: =IF($O94="","",IFERROR(CHOOSE(MATCH($F94,الإعدادات!$B$4:$B$7,0),INDEX('حضور سوريال'!$G$7:$G$36,$O94),INDEX('حضور غبريال'!$G$7:$G$36,$O94),INDEX('حضور رفائيل'!$G$7:$G$36,$O94),INDEX('حضور ميخائيل'!$G$7:$G$36,$O94)),"")) | T94: =IF($O94="","",IFERROR(CHOOSE(MATCH($F94,الإعدادات!$B$4:$B$7,0),INDEX('حضور سوريال'!$H$7:$H$36,$O94),INDEX('حضور غبريال'!$H$7:$H$36,$O94),INDEX('حضور رفائيل'!$H$7:$H$36,$O94),INDEX('حضور ميخائيل'!$H$7:$H$36,$O94)),"")) | U94: =IF($O94="","",IFERROR(CHOOSE(MATCH($F94,الإعدادات!$B$4:$B$7,0),INDEX('حضور سوريال'!$I$7:$I$36,$O94),INDEX('حضور غبريال'!$I$7:$I$36,$O94),INDEX('حضور رفائيل'!$I$7:$I$36,$O94),INDEX('حضور ميخائيل'!$I$7:$I$36,$O94)),"")) | V94: =IF($O94="","",IFERROR(CHOOSE(MATCH($F94,الإعدادات!$B$4:$B$7,0),INDEX('حضور سوريال'!$BM$7:$BM$36,$O94),INDEX('حضور غبريال'!$BM$7:$BM$36,$O94),INDEX('حضور رفائيل'!$BM$7:$BM$36,$O94),INDEX('حضور ميخائيل'!$BM$7:$BM$36,$O94)),"")) | W94: =IF(OR(V94=3,V94=4),COUNTIFS(V$6:V94,3)+COUNTIFS(V$6:V94,4),"")
A95: =IF(C95="","",ROW()-5) | B95: =IF(C95="","","B-"&TEXT(ROW()-5,"000")) | N95: =IF(O95="","",F95&"|"&O95) | O95: =IF(OR(C95="",F95=""),"",COUNTIFS(F$6:F95,F95,C$6:C95,"<>")) | P95: =IF($O95="","",IFERROR(CHOOSE(MATCH($F95,الإعدادات!$B$4:$B$7,0),INDEX('حضور سوريال'!$C$7:$C$36,$O95),INDEX('حضور غبريال'!$C$7:$C$36,$O95),INDEX('حضور رفائيل'!$C$7:$C$36,$O95),INDEX('حضور ميخائيل'!$C$7:$C$36,$O95)),"")) | Q95: =IF($O95="","",IFERROR(CHOOSE(MATCH($F95,الإعدادات!$B$4:$B$7,0),INDEX('حضور سوريال'!$D$7:$D$36,$O95),INDEX('حضور غبريال'!$D$7:$D$36,$O95),INDEX('حضور رفائيل'!$D$7:$D$36,$O95),INDEX('حضور ميخائيل'!$D$7:$D$36,$O95)),"")) | R95: =IF($O95="","",IFERROR(CHOOSE(MATCH($F95,الإعدادات!$B$4:$B$7,0),INDEX('حضور سوريال'!$F$7:$F$36,$O95),INDEX('حضور غبريال'!$F$7:$F$36,$O95),INDEX('حضور رفائيل'!$F$7:$F$36,$O95),INDEX('حضور ميخائيل'!$F$7:$F$36,$O95)),"")) | S95: =IF($O95="","",IFERROR(CHOOSE(MATCH($F95,الإعدادات!$B$4:$B$7,0),INDEX('حضور سوريال'!$G$7:$G$36,$O95),INDEX('حضور غبريال'!$G$7:$G$36,$O95),INDEX('حضور رفائيل'!$G$7:$G$36,$O95),INDEX('حضور ميخائيل'!$G$7:$G$36,$O95)),"")) | T95: =IF($O95="","",IFERROR(CHOOSE(MATCH($F95,الإعدادات!$B$4:$B$7,0),INDEX('حضور سوريال'!$H$7:$H$36,$O95),INDEX('حضور غبريال'!$H$7:$H$36,$O95),INDEX('حضور رفائيل'!$H$7:$H$36,$O95),INDEX('حضور ميخائيل'!$H$7:$H$36,$O95)),"")) | U95: =IF($O95="","",IFERROR(CHOOSE(MATCH($F95,الإعدادات!$B$4:$B$7,0),INDEX('حضور سوريال'!$I$7:$I$36,$O95),INDEX('حضور غبريال'!$I$7:$I$36,$O95),INDEX('حضور رفائيل'!$I$7:$I$36,$O95),INDEX('حضور ميخائيل'!$I$7:$I$36,$O95)),"")) | V95: =IF($O95="","",IFERROR(CHOOSE(MATCH($F95,الإعدادات!$B$4:$B$7,0),INDEX('حضور سوريال'!$BM$7:$BM$36,$O95),INDEX('حضور غبريال'!$BM$7:$BM$36,$O95),INDEX('حضور رفائيل'!$BM$7:$BM$36,$O95),INDEX('حضور ميخائيل'!$BM$7:$BM$36,$O95)),"")) | W95: =IF(OR(V95=3,V95=4),COUNTIFS(V$6:V95,3)+COUNTIFS(V$6:V95,4),"")
A96: =IF(C96="","",ROW()-5) | B96: =IF(C96="","","B-"&TEXT(ROW()-5,"000")) | N96: =IF(O96="","",F96&"|"&O96) | O96: =IF(OR(C96="",F96=""),"",COUNTIFS(F$6:F96,F96,C$6:C96,"<>")) | P96: =IF($O96="","",IFERROR(CHOOSE(MATCH($F96,الإعدادات!$B$4:$B$7,0),INDEX('حضور سوريال'!$C$7:$C$36,$O96),INDEX('حضور غبريال'!$C$7:$C$36,$O96),INDEX('حضور رفائيل'!$C$7:$C$36,$O96),INDEX('حضور ميخائيل'!$C$7:$C$36,$O96)),"")) | Q96: =IF($O96="","",IFERROR(CHOOSE(MATCH($F96,الإعدادات!$B$4:$B$7,0),INDEX('حضور سوريال'!$D$7:$D$36,$O96),INDEX('حضور غبريال'!$D$7:$D$36,$O96),INDEX('حضور رفائيل'!$D$7:$D$36,$O96),INDEX('حضور ميخائيل'!$D$7:$D$36,$O96)),"")) | R96: =IF($O96="","",IFERROR(CHOOSE(MATCH($F96,الإعدادات!$B$4:$B$7,0),INDEX('حضور سوريال'!$F$7:$F$36,$O96),INDEX('حضور غبريال'!$F$7:$F$36,$O96),INDEX('حضور رفائيل'!$F$7:$F$36,$O96),INDEX('حضور ميخائيل'!$F$7:$F$36,$O96)),"")) | S96: =IF($O96="","",IFERROR(CHOOSE(MATCH($F96,الإعدادات!$B$4:$B$7,0),INDEX('حضور سوريال'!$G$7:$G$36,$O96),INDEX('حضور غبريال'!$G$7:$G$36,$O96),INDEX('حضور رفائيل'!$G$7:$G$36,$O96),INDEX('حضور ميخائيل'!$G$7:$G$36,$O96)),"")) | T96: =IF($O96="","",IFERROR(CHOOSE(MATCH($F96,الإعدادات!$B$4:$B$7,0),INDEX('حضور سوريال'!$H$7:$H$36,$O96),INDEX('حضور غبريال'!$H$7:$H$36,$O96),INDEX('حضور رفائيل'!$H$7:$H$36,$O96),INDEX('حضور ميخائيل'!$H$7:$H$36,$O96)),"")) | U96: =IF($O96="","",IFERROR(CHOOSE(MATCH($F96,الإعدادات!$B$4:$B$7,0),INDEX('حضور سوريال'!$I$7:$I$36,$O96),INDEX('حضور غبريال'!$I$7:$I$36,$O96),INDEX('حضور رفائيل'!$I$7:$I$36,$O96),INDEX('حضور ميخائيل'!$I$7:$I$36,$O96)),"")) | V96: =IF($O96="","",IFERROR(CHOOSE(MATCH($F96,الإعدادات!$B$4:$B$7,0),INDEX('حضور سوريال'!$BM$7:$BM$36,$O96),INDEX('حضور غبريال'!$BM$7:$BM$36,$O96),INDEX('حضور رفائيل'!$BM$7:$BM$36,$O96),INDEX('حضور ميخائيل'!$BM$7:$BM$36,$O96)),"")) | W96: =IF(OR(V96=3,V96=4),COUNTIFS(V$6:V96,3)+COUNTIFS(V$6:V96,4),"")
A97: =IF(C97="","",ROW()-5) | B97: =IF(C97="","","B-"&TEXT(ROW()-5,"000")) | N97: =IF(O97="","",F97&"|"&O97) | O97: =IF(OR(C97="",F97=""),"",COUNTIFS(F$6:F97,F97,C$6:C97,"<>")) | P97: =IF($O97="","",IFERROR(CHOOSE(MATCH($F97,الإعدادات!$B$4:$B$7,0),INDEX('حضور سوريال'!$C$7:$C$36,$O97),INDEX('حضور غبريال'!$C$7:$C$36,$O97),INDEX('حضور رفائيل'!$C$7:$C$36,$O97),INDEX('حضور ميخائيل'!$C$7:$C$36,$O97)),"")) | Q97: =IF($O97="","",IFERROR(CHOOSE(MATCH($F97,الإعدادات!$B$4:$B$7,0),INDEX('حضور سوريال'!$D$7:$D$36,$O97),INDEX('حضور غبريال'!$D$7:$D$36,$O97),INDEX('حضور رفائيل'!$D$7:$D$36,$O97),INDEX('حضور ميخائيل'!$D$7:$D$36,$O97)),"")) | R97: =IF($O97="","",IFERROR(CHOOSE(MATCH($F97,الإعدادات!$B$4:$B$7,0),INDEX('حضور سوريال'!$F$7:$F$36,$O97),INDEX('حضور غبريال'!$F$7:$F$36,$O97),INDEX('حضور رفائيل'!$F$7:$F$36,$O97),INDEX('حضور ميخائيل'!$F$7:$F$36,$O97)),"")) | S97: =IF($O97="","",IFERROR(CHOOSE(MATCH($F97,الإعدادات!$B$4:$B$7,0),INDEX('حضور سوريال'!$G$7:$G$36,$O97),INDEX('حضور غبريال'!$G$7:$G$36,$O97),INDEX('حضور رفائيل'!$G$7:$G$36,$O97),INDEX('حضور ميخائيل'!$G$7:$G$36,$O97)),"")) | T97: =IF($O97="","",IFERROR(CHOOSE(MATCH($F97,الإعدادات!$B$4:$B$7,0),INDEX('حضور سوريال'!$H$7:$H$36,$O97),INDEX('حضور غبريال'!$H$7:$H$36,$O97),INDEX('حضور رفائيل'!$H$7:$H$36,$O97),INDEX('حضور ميخائيل'!$H$7:$H$36,$O97)),"")) | U97: =IF($O97="","",IFERROR(CHOOSE(MATCH($F97,الإعدادات!$B$4:$B$7,0),INDEX('حضور سوريال'!$I$7:$I$36,$O97),INDEX('حضور غبريال'!$I$7:$I$36,$O97),INDEX('حضور رفائيل'!$I$7:$I$36,$O97),INDEX('حضور ميخائيل'!$I$7:$I$36,$O97)),"")) | V97: =IF($O97="","",IFERROR(CHOOSE(MATCH($F97,الإعدادات!$B$4:$B$7,0),INDEX('حضور سوريال'!$BM$7:$BM$36,$O97),INDEX('حضور غبريال'!$BM$7:$BM$36,$O97),INDEX('حضور رفائيل'!$BM$7:$BM$36,$O97),INDEX('حضور ميخائيل'!$BM$7:$BM$36,$O97)),"")) | W97: =IF(OR(V97=3,V97=4),COUNTIFS(V$6:V97,3)+COUNTIFS(V$6:V97,4),"")
